Workbook

Sheet Form Responses 1
A1: Timestamp | B1: Apakah anda bersedia untuk berpartisipasi? | C1: Apakah status Anda saat ini adalah mahasiswa aktif di sebuah perguruan tinggi di Jawa Barat? | D1: Nama (Inisial) | E1: Jenis Kelamin | F1: Usia Anda saat ini (dalam angka): | G1: Asal Perguruan Tinggi | H1: Fakultas/Program Studi | I1: Semester yang anda jalani saat ini | J1: Daerah tempat tinggal saat ini | K1: Mana yang paling menggambarkan area tempat tinggal Anda saat ini? | L1: Selama berkuliah, jenis tempat tinggal utama Anda adalah: | M1: Saya senang menghabiskan waktu di luar ruangan, terutama di lingkungan alami (seperti hutan, pegunungan, sungai, lapangan, taman kota, danau atau pantai, maupun halaman atau kebun yang rindang). | N1: Saya menganggap diri saya sebagai bagian dari alam, bukan sesuatu yang terpisah darinya. | O1: Jika saya memiliki sumber daya seperti waktu atau uang yang cukup, saya akan menggunakan sebagian darinya untuk melindungi lingkungan alam. | P1: Ketika saya merasa kesal atau stres, menghabiskan waktu di alam terbuka mampu membuat saya merasa lebih baik. | Q1: Saya merasa memiliki banyak kesamaan dengan hewan-hewan yang hidup di alam liar. | R1: Berperilaku secara bertanggung jawab terhadap alam—misalnya menjalani gaya hidup berkelanjutan—merupakan bagian penting dari diri saya. | S1: Mempelajari alam seharusnya menjadi bagian dari pendidikan setiap orang sejak dini. | T1: Jika bisa memilih, saya lebih suka tinggal di tempat yang memiliki pemandangan alam, seperti pepohonan atau ruang hijau terbuka. | U1: Ada bagian penting dalam hidup saya yang terasa hilang jika saya tidak sesekali bisa keluar dan menikmati alam. | V1: Saya merasa ada bagian-bagian dari alam yang lebih indah dari karya seni apa pun. | W1: Ini adalah pertanyaan untuk memastikan Anda membaca dengan teliti. Mohon pilih jawaban "Biru". | X1: Saya merasa segar kembali setelah menghabiskan waktu di alam. | Y1: Saya memandang diri saya memiliki peran untuk menjaga kelestarian sumber daya alam. | Z1: Saya merasa nyaman berada di alam (seperti di hutan, di gunung, atau di pantai). | AA1: Saya menikmati unsur alam yang saya lihat seperti pepohonan atau rumput bahkan ketika saya berada di tengah kota. | AB1: Pengalaman saya berinteraksi dengan alam ikut membentuk cara saya memahami diri saya sendiri. | AC1: Hubungan saya dengan alam merupakan bagian dari cerita hidup saya. | AD1: Cara saya memandang hidup dipengaruhi oleh keyakinan bahwa manusia adalah bagian dari alam. | AE1: Ketika mengambil keputusan penting, saya mempertimbangkan hubungan saya dengan alam. | AF1: Bertindak ramah lingkungan adalah bagian penting dari diri saya. | AG1: Saya adalah tipe orang yang bertindak ramah lingkungan. | AH1: Saya melihat diri saya sebagai orang yang ramah lingkungan. | AI1: Saya tetap berusaha berperilaku ramah lingkungan meskipun membutuhkan usaha lebih. | AJ1: Isu lingkungan yang saya pahami memengaruhi cara saya memandang diri sebagai pribadi yang ramah lingkungan. | AK1: Saya tetap konsisten berperilaku ramah lingkungan sekalipun orang-orang di sekitar saya tidak melakukannya. | AL1: Saya tidak takut menyampaikan pendapat saya, meskipun berbeda dengan pendapat kebanyakan orang. | AM1: Keputusan yang saya buat biasanya tidak dipengaruhi oleh apa yang dilakukan oleh orang lain. | AN1: Saya cenderung khawatir dengan apa yang dipikirkan orang lain tentang diri saya. | AO1: Saya cenderung mudah dipengaruhi oleh orang yang pendapatnya lebih kuat. | AP1: Saya merasa percaya diri atas pendapat saya, meskipun berbeda dari pandangan kebanyakan orang. | AQ1: Sulit bagi saya untuk menyampaikan pendapat pribadi saya mengenai isu-isu yang kontroversial. | AR1: Saya menilai diri saya berdasarkan apa yang menurut saya penting, bukan berdasarkan apa yang orang lain anggap penting. | AS1: Secara umum, saya merasa memiliki kendali atas situasi dalam kehidupan saya. | AT1: Tuntutan hidup sehari-hari sering membuat hidup saya terasa lebih berat. | AU1: Saya merasa tidak cocok dengan orang-orang dan komunitas di sekitar saya. | AV1: Ini adalah pertanyaan untuk memastikan Anda membaca dengan teliti. Mohon pilih jawaban "Hijau Tua". | AW1: Saya cukup baik dalam mengelola berbagai tanggung jawab dalam kehidupan sehari-hari. | AX1: Saya sering merasa kewalahan dengan tanggung jawab yang saya miliki. | AY1: Saya sulit mengatur hidup saya dengan cara yang memuaskan saya. | AZ1: Saya berhasil menata tempat tinggal dan gaya hidup yang sangat sesuai dengan keinginan saya. | BA1: Saya tidak tertarik pada aktivitas yang dapat memperluas wawasan saya. | BB1: Penting bagi saya untuk memiliki pengalaman baru yang menantang cara saya dalam memandang diri sendiri dan dunia di sekitar saya. | BC1: Jika saya renungkan, saya merasa kurang berkembang sebagai pribadi dari tahun ke tahun. | BD1: Saya merasa telah banyak berkembang sebagai pribadi seiring berjalannya waktu. | BE1: Saya tidak menyukai situasi baru yang menuntut saya untuk mengubah kebiasaan lama saya. | BF1: Ini adalah pertanyaan untuk memastikan Anda membaca dengan teliti. Mohon pilih jawaban "Kuning". | BG1: Bagi saya, hidup merupakan proses belajar, perubahan, dan perkembangan yang terus berlangsung. | BH1: Saya sudah lama menyerah untuk melakukan perbaikan atau perubahan besar dalam hidup saya. | BI1: Kebanyakan orang menganggap saya sebagai pribadi yang penyayang dan penuh perhatian. | BJ1: Mempertahankan hubungan dekat dengan orang lain terasa sulit dan membuat saya merasa frustasi. | BK1: Saya merasa kesulitan memiliki teman dekat untuk berbagi kekhawatiran dan masalah pribadi saya. | BL1: Saya menikmati percakapan pribadi yang saling terbuka dengan anggota keluarga atau teman. | BM1: Orang lain akan menggambarkan saya sebagai pribadi yang murah hati dan bersedia meluangkan waktu untuk orang lain. | BN1: Saya tidak sering merasakan hubungan yang hangat dan saling percaya dengan orang lain. | BO1: Saya bisa mempercayai teman-teman saya, dan mereka pun mempercayai saya. | BP1: Saya menjalani hidup hari demi hari tanpa terlalu memikirkan masa depan. | BQ1: Saya memiliki arah dan tujuan hidup yang jelas. | BR1: Kegiatan sehari-hari saya sering terasa sepele dan tidak bermakna. | BS1: Saya tidak memiliki gambaran yang jelas tentang apa yang ingin saya capai dalam hidup. | BT1: Saya senang membuat rencana untuk masa depan dan berusaha mewujudkannya. | BU1: Ini adalah pertanyaan untuk memastikan Anda membaca dengan teliti. Mohon pilih jawaban "Ungu". | BV1: Berbeda dengan sebagian orang, saya menjalani hidup dengan arah dan tujuan yang jelas. | BW1: Saya merasa tidak banyak berkembang sebagai pribadi belakangan ini. | BX1: Ketika merefleksikan perjalanan hidup saya sampai hari ini, saya merasa puas dengan semua yang saya alami. | BY1: Secara umum, saya merasa yakin dan positif terhadap diri sendiri. | BZ1: Saya merasa orang-orang yang saya kenal hidupnya lebih berhasil dibandingkan saya. | CA1: Saya menyukai sebagian besar aspek dari kepribadian saya. | CB1: Dalam banyak hal, saya merasa kecewa dengan pencapaian hidup saya. | CC1: Saya kurang percaya diri dibandingkan kebanyakan orang lain. | CD1: Ketika membandingkan diri saya dengan teman-teman dekat, saya merasa senang dengan diri saya yang sesungguhnya. | CE1: Saya tahu cara membuat akun di media sosial. | CF1: Saya tahu cara menghapus akun saya di media sosial. | CG1: Saya tahu cara menonaktifkan akun saya di media sosial. | CH1: Saya tahu cara mengunggah konten, seperti foto, di akun media sosial saya. | CI1: Saya tahu cara menghapus konten yang tidak diinginkan di akun media sosial saya. | CJ1: Saya memahami hukum hak cipta yang berlaku di platform media sosial. | CK1: Saya tahu cara menangani konflik di media sosial dengan tepat. | CL1: Saya mengetahui tata krama atau kebijakan penggunaan media sosial di kampus atau organisasi saya. | CM1: Saya tahu bahwa platform media sosial mengontrol apa yang saya lihat di beranda media sosial saya. | CN1: Saya tahu bahwa informasi yang pernah saya unggah di media sosial dapat tersimpan secara permanen. | CO1: Ini adalah pertanyaan untuk memastikan Anda membaca dengan teliti. Mohon pilih jawaban "Hijau". | CP1: Saya tahu bahwa iklan yang saya lihat di media sosial sudah disesuaikan dengan apa yang sering saya cari atau sukai. | CQ1: Saya tahu cara memverifikasi apakah informasi yang dibagikan di media sosial itu benar. | CR1: Saya tahu cara menggunakan berbagai sumber informasi untuk memverifikasi informasi yang saya lihat di media sosial. | CS1: Saya dapat menilai apakah suatu informasi di media sosial dapat dipercaya atau tidak. | CT1: Saya memilah sampah kertas, plastik, dan logam untuk didaur ulang. | CU1: Saya menghemat penggunaan air atau energi (seperti mematikan lampu/kipas) di tempat tinggal saya. | CV1: Saya membeli produk yang ramah lingkungan atau hemat energi saat berbelanja. | CW1: Saya mengurangi penggunaan plastik sekali pakai (sedotan, kantong plastik, botol air sekali pakai) dalam kehidupan sehari-hari. | CX1: Saya menangani sampah elektronik (e-waste) dengan benar, misalnya membuang baterai atau ponsel bekas ke tempat pengumpulan khusus. | CY1: Saya membicarakan isu lingkungan kepada orang-orang di sekitar atau komunitas saya. | CZ1: Saya aktif berpartisipasi sebagai anggota dalam komunitas atau organisasi lingkungan. | DA1: Saya berkolaborasi dengan orang lain (teman, komunitas, atau kolega) untuk mengatasi masalah lingkungan di sekitar saya. | DB1: Saya membagikan konten atau informasi tentang isu lingkungan di media sosial (Instagram, TikTok, Twitter/X, YouTube, dll.). | DC1: Saya aktif mengikuti dan menyebarkan pesan dari kreator konten yang mempromosikan isu lingkungan. | DD1: Saya memberikan suara atau dukungan pada kebijakan/pemimpin yang berpihak pada kelestarian lingkungan lokal. | DE1: Saya menyampaikan aspirasi terkait isu lingkungan kepada pejabat atau instansi pemerintah, baik secara langsung maupun melalui email atau akun media sosial mereka. | DF1: Saya pernah menandatangani petisi (baik cetak maupun online) terkait isu perlindungan lingkungan. | DG1: Saya menyumbangkan uang atau dana untuk mendukung kegiatan perlindungan lingkungan di sekitar saya. | DH1: Ini adalah pertanyaan untuk memastikan Anda membaca dengan teliti. Mohon pilih jawaban "Orange". | DI1: Saya berpartisipasi dalam kampanye lingkungan (seperti tantangan tagar) di media sosial. | DJ1: Saya menjadi sukarelawan dalam kegiatan pemulihan (konservasi) lingkungan, seperti penanaman pohon, pembersihan sungai/pantai, atau perawatan ruang hijau. | DK1: Saya berpartisipasi menyumbangkan data atau memantau kondisi satwa liar di sekitar lingkungan saya. | DL1: Saya melaporkan informasi tentang ancaman terhadap keanekaragaman hayati, seperti perdagangan satwa liar ilegal, kepada lembaga konservasi atau pihak terkait. | DM1: Saya menata halaman rumah saya agar dapat menarik satwa liar yang tidak mengganggu (seperti burung liar atau serangga). | DN1: Email/e-wallet | DO1: Email Address
A2: 46249.42 | B2: Ya, saya bersedia berpartisipasi. | C2: Ya | D2: H | E2: Perempuan | F2: 19 | G2: IPB UNIVERSITY | H2: Manajemen Agribisnis | I2: 3 | J2: Bodebekpunjur (Bogor, Depok, Bekasi, Puncak, Cianjur) | K2: Kota (Urban) | L2: Kos/Kontrakan | M2: Tidak Menggambarkan diri saya | N2: Cukup Menggambarkan diri saya | O2: Cukup Menggambarkan diri saya | P2: Cukup Tidak Menggambarkan diri saya | Q2: Tidak Menggambarkan diri saya | R2: Cukup Menggambarkan diri saya | S2: Sangat menggambarkan diri saya | T2: Menggambarkan diri saya | U2: Netral | V2: Sangat menggambarkan diri saya | W2: Biru | X2: Cukup Menggambarkan diri saya | Y2: Menggambarkan diri saya | Z2: Netral | AA2: Menggambarkan diri saya | AB2: Netral | AC2: Netral | AD2: Menggambarkan diri saya | AE2: Netral | AF2: Setuju | AG2: Cukup Setuju | AH2: Netral | AI2: Cukup Setuju | AJ2: Cukup Setuju | AK2: Cukup Setuju | AL2: Cukup Setuju | AM2: Setuju | AN2: Cukup Setuju | AO2: Cukup Setuju | AP2: Cukup Setuju | AQ2: Setuju | AR2: Setuju | AS2: Setuju | AT2: Cukup Setuju | AU2: Cukup Setuju | AV2: Hijau Tua | AW2: Setuju | AX2: Cukup Setuju | AY2: Cukup Tidak Setuju | AZ2: Sangat Setuju | BA2: Tidak Setuju | BB2: Setuju | BC2: Cukup Setuju | BD2: Cukup Setuju | BE2: Cukup Setuju | BF2: Kuning | BG2: Setuju | BH2: Tidak Setuju | BI2: Cukup Setuju | BJ2: Tidak Setuju | BK2: Cukup Setuju | BL2: Setuju | BM2: Cukup Tidak Setuju | BN2: Tidak Setuju | BO2: Cukup Setuju | BP2: Cukup Tidak Setuju | BQ2: Cukup Setuju | BR2: Cukup Setuju | BS2: Tidak Setuju | BT2: Setuju | BU2: Ungu | BV2: Cukup Setuju | BW2: Cukup Tidak Setuju | BX2: Cukup Setuju | BY2: Setuju | BZ2: Cukup Tidak Setuju | CA2: Setuju | CB2: Tidak Setuju | CC2: Cukup Tidak Setuju | CD2: Cukup Setuju | CE2: Sangat Setuju | CF2: Sangat Setuju | CG2: Sangat Setuju | CH2: Sangat Setuju | CI2: Sangat Setuju | CJ2: Setuju | CK2: Sangat Setuju | CL2: Sangat Setuju | CM2: Sangat Setuju | CN2: Sangat Setuju | CO2: Hijau | CP2: Sangat Setuju | CQ2: Sangat Setuju | CR2: Sangat Setuju | CS2: Sangat Setuju | CT2: Kadang-Kadang | CU2: Sering | CV2: Kadang-Kadang | CW2: Sering | CX2: Jarang | CY2: Kadang-Kadang | CZ2: Jarang | DA2: Kadang-Kadang | DB2: Kadang-Kadang | DC2: Kadang-Kadang | DD2: Jarang | DE2: Jarang | DF2: Tidak Pernah | DG2: Tidak Pernah | DH2: Ungu | DI2: Kadang-Kadang | DJ2: Jarang | DK2: Tidak Pernah | DL2: Tidak Pernah | DM2: Kadang-Kadang | DN2: hanifahainun131@gmail.com
A3: 46249.421 | B3: Ya, saya bersedia berpartisipasi. | C3: Ya | D3: WAR | E3: Perempuan | F3: 21 | G3: IPB University | H3: Sekolah Vokasi | I3: 5 | J3: Bodebekpunjur (Bogor, Depok, Bekasi, Puncak, Cianjur) | K3: Pinggiran Kota (Sub Urban) | L3: Rumah Orang Tua/Wali | M3: Sangat menggambarkan diri saya | N3: Cukup Menggambarkan diri saya | O3: Menggambarkan diri saya | P3: Menggambarkan diri saya | Q3: Tidak Menggambarkan diri saya | R3: Menggambarkan diri saya | S3: Cukup Menggambarkan diri saya | T3: Sangat menggambarkan diri saya | U3: Cukup Tidak Menggambarkan diri saya | V3: Cukup Menggambarkan diri saya | W3: Biru | X3: Menggambarkan diri saya | Y3: Sangat menggambarkan diri saya | Z3: Menggambarkan diri saya | AA3: Sangat menggambarkan diri saya | AB3: Cukup Menggambarkan diri saya | AC3: Menggambarkan diri saya | AD3: Menggambarkan diri saya | AE3: Cukup Tidak Menggambarkan diri saya | AF3: Setuju | AG3: Cukup Setuju | AH3: Netral | AI3: Cukup Setuju | AJ3: Setuju | AK3: Setuju | AL3: Cukup Setuju | AM3: Setuju | AN3: Cukup Setuju | AO3: Cukup Tidak Setuju | AP3: Cukup Setuju | AQ3: Cukup Tidak Setuju | AR3: Sangat Setuju | AS3: Sangat Setuju | AT3: Setuju | AU3: Cukup Tidak Setuju | AV3: Hijau Tua | AW3: Setuju | AX3: Tidak Setuju | AY3: Cukup Setuju | AZ3: Cukup Setuju | BA3: Tidak Setuju | BB3: Setuju | BC3: Cukup Tidak Setuju | BD3: Cukup Setuju | BE3: Cukup Tidak Setuju | BF3: Kuning | BG3: Setuju | BH3: Tidak Setuju | BI3: Cukup Setuju | BJ3: Cukup Tidak Setuju | BK3: Cukup Setuju | BL3: Cukup Tidak Setuju | BM3: Cukup Setuju | BN3: Cukup Setuju | BO3: Cukup Setuju | BP3: Cukup Tidak Setuju | BQ3: Cukup Setuju | BR3: Cukup Setuju | BS3: Setuju | BT3: Cukup Setuju | BU3: Ungu | BV3: Setuju | BW3: Cukup Tidak Setuju | BX3: Cukup Tidak Setuju | BY3: Cukup Setuju | BZ3: Cukup Setuju | CA3: Cukup Setuju | CB3: Cukup Setuju | CC3: Cukup Setuju | CD3: Setuju | CE3: Sangat Setuju | CF3: Sangat Setuju | CG3: Sangat Setuju | CH3: Sangat Setuju | CI3: Sangat Setuju | CJ3: Sangat Setuju | CK3: Sangat Setuju | CL3: Sangat Setuju | CM3: Sangat Setuju | CN3: Sangat Setuju | CO3: Hijau | CP3: Sangat Setuju | CQ3: Sangat Setuju | CR3: Sangat Setuju | CS3: Sangat Setuju | CT3: Kadang-Kadang | CU3: Sering | CV3: Kadang-Kadang | CW3: Sering | CX3: Sering | CY3: Sering | CZ3: Sering | DA3: Kadang-Kadang | DB3: Kadang-Kadang | DC3: Sering | DD3: Selalu | DE3: Selalu | DF3: Sering | DG3: Kadang-Kadang | DH3: Ungu | DI3: Kadang-Kadang | DJ3: Sering | DK3: Sering | DL3: Sering | DM3: Kadang-Kadang | DN3: wandasretianan82@gmail.com
A4: 46249.423 | B4: Ya, saya bersedia berpartisipasi. | C4: Ya | D4: Rania | E4: Perempuan | F4: 19 | G4: IPB | H4: Manajemen Agribisnis | I4: 3 | J4: Bodebekpunjur (Bogor, Depok, Bekasi, Puncak, Cianjur) | K4: Kota (Urban) | L4: Rumah Orang Tua/Wali | M4: Netral | N4: Netral | O4: Netral | P4: Netral | Q4: Netral | R4: Netral | S4: Netral | T4: Netral | U4: Netral | V4: Netral | W4: Biru | X4: Cukup Menggambarkan diri saya | Y4: Netral | Z4: Netral | AA4: Netral | AB4: Netral | AC4: Netral | AD4: Netral | AE4: Netral | AF4: Setuju | AG4: Setuju | AH4: Setuju | AI4: Setuju | AJ4: Setuju | AK4: Setuju | AL4: Cukup Setuju | AM4: Cukup Setuju | AN4: Cukup Setuju | AO4: Cukup Setuju | AP4: Cukup Setuju | AQ4: Cukup Setuju | AR4: Cukup Setuju | AS4: Cukup Setuju | AT4: Cukup Setuju | AU4: Cukup Setuju | AV4: Hijau Tua | AW4: Cukup Setuju | AX4: Cukup Setuju | AY4: Cukup Tidak Setuju | AZ4: Cukup Setuju | BA4: Cukup Tidak Setuju | BB4: Cukup Setuju | BC4: Cukup Setuju | BD4: Cukup Setuju | BE4: Cukup Tidak Setuju | BF4: Kuning | BG4: Setuju | BH4: Cukup Tidak Setuju | BI4: Cukup Setuju | BJ4: Cukup Tidak Setuju | BK4: Cukup Tidak Setuju | BL4: Cukup Setuju | BM4: Cukup Setuju | BN4: Cukup Tidak Setuju | BO4: Cukup Setuju | BP4: Cukup Tidak Setuju | BQ4: Cukup Setuju | BR4: Cukup Tidak Setuju | BS4: Cukup Tidak Setuju | BT4: Cukup Setuju | BU4: Ungu | BV4: Cukup Setuju | BW4: Cukup Tidak Setuju | BX4: Cukup Setuju | BY4: Cukup Setuju | BZ4: Cukup Setuju | CA4: Cukup Setuju | CB4: Cukup Tidak Setuju | CC4: Cukup Setuju | CD4: Cukup Setuju | CE4: Sangat Setuju | CF4: Setuju | CG4: Setuju | CH4: Sangat Setuju | CI4: Sangat Setuju | CJ4: Sangat Setuju | CK4: Sangat Setuju | CL4: Sangat Setuju | CM4: Sangat Setuju | CN4: Sangat Setuju | CO4: Hijau | CP4: Setuju | CQ4: Sangat Setuju | CR4: Sangat Setuju | CS4: Sangat Setuju | CT4: Selalu | CU4: Selalu | CV4: Selalu | CW4: Sering | CX4: Selalu | CY4: Kadang-Kadang | CZ4: Tidak Pernah | DA4: Tidak Pernah | DB4: Jarang | DC4: Kadang-Kadang | DD4: Kadang-Kadang | DE4: Tidak Pernah | DF4: Tidak Pernah | DG4: Jarang | DH4: Hijau | DI4: Jarang | DJ4: Jarang | DK4: Tidak Pernah | DL4: Tidak Pernah | DM4: Kadang-Kadang | DN4: raniaaliyafahiraa@gmail.com/ shopeepay 081213882207
A5: 46249.425 | B5: Ya, saya bersedia berpartisipasi. | C5: Ya | D5: S | E5: Perempuan | F5: 19 | G5: Sekolah Vokasi IPB University | H5: Akuntansi | I5: 3 | J5: Bodebekpunjur (Bogor, Depok, Bekasi, Puncak, Cianjur) | K5: Kota (Urban) | L5: Kos/Kontrakan | M5: Netral | N5: Cukup Menggambarkan diri saya | O5: Menggambarkan diri saya | P5: Cukup Menggambarkan diri saya | Q5: Netral | R5: Cukup Menggambarkan diri saya | S5: Menggambarkan diri saya | T5: Menggambarkan diri saya | U5: Netral | V5: Menggambarkan diri saya | W5: Biru | X5: Cukup Menggambarkan diri saya | Y5: Cukup Menggambarkan diri saya | Z5: Cukup Menggambarkan diri saya | AA5: Cukup Menggambarkan diri saya | AB5: Cukup Menggambarkan diri saya | AC5: Cukup Menggambarkan diri saya | AD5: Cukup Menggambarkan diri saya | AE5: Netral | AF5: Setuju | AG5: Setuju | AH5: Setuju | AI5: Setuju | AJ5: Setuju | AK5: Setuju | AL5: Setuju | AM5: Cukup Setuju | AN5: Cukup Setuju | AO5: Cukup Tidak Setuju | AP5: Cukup Setuju | AQ5: Cukup Tidak Setuju | AR5: Cukup Setuju | AS5: Cukup Setuju | AT5: Cukup Setuju | AU5: Cukup Tidak Setuju | AV5: Hijau Tua | AW5: Cukup Setuju | AX5: Cukup Setuju | AY5: Cukup Tidak Setuju | AZ5: Cukup Setuju | BA5: Cukup Tidak Setuju | BB5: Cukup Setuju | BC5: Cukup Tidak Setuju | BD5: Cukup Setuju | BE5: Cukup Tidak Setuju | BF5: Kuning | BG5: Setuju | BH5: Cukup Tidak Setuju | BI5: Cukup Setuju | BJ5: Cukup Tidak Setuju | BK5: Cukup Tidak Setuju | BL5: Cukup Setuju | BM5: Cukup Setuju | BN5: Cukup Tidak Setuju | BO5: Cukup Setuju | BP5: Cukup Tidak Setuju | BQ5: Cukup Setuju | BR5: Cukup Tidak Setuju | BS5: Cukup Tidak Setuju | BT5: Cukup Setuju | BU5: Ungu | BV5: Cukup Setuju | BW5: Cukup Tidak Setuju | BX5: Cukup Setuju | BY5: Cukup Setuju | BZ5: Cukup Tidak Setuju | CA5: Cukup Setuju | CB5: Cukup Tidak Setuju | CC5: Cukup Tidak Setuju | CD5: Cukup Setuju | CE5: Setuju | CF5: Setuju | CG5: Setuju | CH5: Setuju | CI5: Setuju | CJ5: Setuju | CK5: Setuju | CL5: Setuju | CM5: Setuju | CN5: Setuju | CO5: Hijau | CP5: Setuju | CQ5: Setuju | CR5: Setuju | CS5: Setuju | CT5: Kadang-Kadang | CU5: Selalu | CV5: Kadang-Kadang | CW5: Kadang-Kadang | CX5: Kadang-Kadang | CY5: Kadang-Kadang | CZ5: Kadang-Kadang | DA5: Kadang-Kadang | DB5: Kadang-Kadang | DC5: Kadang-Kadang | DD5: Kadang-Kadang | DE5: Kadang-Kadang | DF5: Kadang-Kadang | DG5: Kadang-Kadang | DH5: Hijau | DI5: Kadang-Kadang | DJ5: Kadang-Kadang | DK5: Kadang-Kadang | DL5: Kadang-Kadang | DM5: Kadang-Kadang | DN5: susilawati732007@gmail.com/083102566504-gopay
A6: 46249.429 | B6: Ya, saya bersedia berpartisipasi. | C6: Ya | D6: I | E6: Laki-laki | F6: 18 | G6: IPB | H6: Akuntansi | I6: 3 | J6: Bodebekpunjur (Bogor, Depok, Bekasi, Puncak, Cianjur) | K6: Pinggiran Kota (Sub Urban) | L6: Rumah Orang Tua/Wali | M6: Menggambarkan diri saya | N6: Cukup Menggambarkan diri saya | O6: Netral | P6: Cukup Menggambarkan diri saya | Q6: Cukup Tidak Menggambarkan diri saya | R6: Netral | S6: Cukup Menggambarkan diri saya | T6: Menggambarkan diri saya | U6: Netral | V6: Menggambarkan diri saya | W6: Biru | X6: Netral | Y6: Netral | Z6: Netral | AA6: Netral | AB6: Netral | AC6: Netral | AD6: Netral | AE6: Netral | AF6: Netral | AG6: Netral | AH6: Netral | AI6: Netral | AJ6: Netral | AK6: Netral | AL6: Cukup Setuju | AM6: Cukup Setuju | AN6: Cukup Tidak Setuju | AO6: Cukup Setuju | AP6: Cukup Setuju | AQ6: Cukup Tidak Setuju | AR6: Cukup Setuju | AS6: Cukup Tidak Setuju | AT6: Cukup Setuju | AU6: Cukup Tidak Setuju | AV6: Putih | AW6: Cukup Setuju | AX6: Cukup Tidak Setuju | AY6: Cukup Tidak Setuju | AZ6: Cukup Setuju | BA6: Cukup Setuju | BB6: Cukup Setuju | BC6: Cukup Setuju | BD6: Cukup Tidak Setuju | BE6: Cukup Setuju | BF6: Kuning | BG6: Cukup Tidak Setuju | BH6: Cukup Setuju | BI6: Cukup Setuju | BJ6: Cukup Tidak Setuju | BK6: Cukup Setuju | BL6: Cukup Tidak Setuju | BM6: Cukup Setuju | BN6: Cukup Tidak Setuju | BO6: Cukup Setuju | BP6: Cukup Tidak Setuju | BQ6: Cukup Tidak Setuju | BR6: Cukup Setuju | BS6: Cukup Tidak Setuju | BT6: Cukup Setuju | BU6: Putih | BV6: Cukup Setuju | BW6: Cukup Setuju | BX6: Cukup Tidak Setuju | BY6: Cukup Setuju | BZ6: Cukup Tidak Setuju | CA6: Cukup Setuju | CB6: Cukup Setuju | CC6: Cukup Setuju | CD6: Cukup Tidak Setuju | CE6: Netral | CF6: Netral | CG6: Netral | CH6: Netral | CI6: Netral | CJ6: Netral | CK6: Netral | CL6: Netral | CM6: Netral | CN6: Netral | CO6: Biru | CP6: Netral | CQ6: Netral | CR6: Netral | CS6: Netral | CT6: Kadang-Kadang | CU6: Kadang-Kadang | CV6: Kadang-Kadang | CW6: Kadang-Kadang | CX6: Kadang-Kadang | CY6: Kadang-Kadang | CZ6: Kadang-Kadang | DA6: Kadang-Kadang | DB6: Kadang-Kadang | DC6: Kadang-Kadang | DD6: Kadang-Kadang | DE6: Kadang-Kadang | DF6: Kadang-Kadang | DG6: Kadang-Kadang | DH6: Hijau | DI6: Kadang-Kadang | DJ6: Kadang-Kadang | DK6: Kadang-Kadang | DL6: Kadang-Kadang | DM6: Kadang-Kadang | DN6: -
A7: 46249.432 | B7: Ya, saya bersedia berpartisipasi. | C7: Ya | D7: M.F | E7: Laki-laki | F7: 20 | G7: IPB University | H7: Sekolah Vokasi/Akuntansi | I7: 5 | J7: Bodebekpunjur (Bogor, Depok, Bekasi, Puncak, Cianjur) | K7: Kota (Urban) | L7: Kos/Kontrakan | M7: Cukup Menggambarkan diri saya | N7: Cukup Menggambarkan diri saya | O7: Menggambarkan diri saya | P7: Netral | Q7: Netral | R7: Menggambarkan diri saya | S7: Cukup Menggambarkan diri saya | T7: Sangat menggambarkan diri saya | U7: Cukup Menggambarkan diri saya | V7: Menggambarkan diri saya | W7: Biru | X7: Cukup Menggambarkan diri saya | Y7: Cukup Menggambarkan diri saya | Z7: Menggambarkan diri saya | AA7: Cukup Menggambarkan diri saya | AB7: Menggambarkan diri saya | AC7: Cukup Menggambarkan diri saya | AD7: Cukup Menggambarkan diri saya | AE7: Cukup Menggambarkan diri saya | AF7: Setuju | AG7: Cukup Setuju | AH7: Cukup Setuju | AI7: Sangat Setuju | AJ7: Cukup Setuju | AK7: Cukup Setuju | AL7: Setuju | AM7: Cukup Setuju | AN7: Tidak Setuju | AO7: Cukup Tidak Setuju | AP7: Cukup Setuju | AQ7: Tidak Setuju | AR7: Sangat Setuju | AS7: Setuju | AT7: Setuju | AU7: Tidak Setuju | AV7: Hijau Tua | AW7: Cukup Setuju | AX7: Cukup Tidak Setuju | AY7: Cukup Setuju | AZ7: Setuju | BA7: Tidak Setuju | BB7: Cukup Setuju | BC7: Cukup Tidak Setuju | BD7: Cukup Setuju | BE7: Cukup Tidak Setuju | BF7: Kuning | BG7: Setuju | BH7: Cukup Setuju | BI7: Setuju | BJ7: Cukup Tidak Setuju | BK7: Cukup Tidak Setuju | BL7: Cukup Setuju | BM7: Cukup Setuju | BN7: Cukup Tidak Setuju | BO7: Cukup Setuju | BP7: Tidak Setuju | BQ7: Setuju | BR7: Cukup Tidak Setuju | BS7: Cukup Tidak Setuju | BT7: Setuju | BU7: Ungu | BV7: Cukup Setuju | BW7: Cukup Tidak Setuju | BX7: Setuju | BY7: Setuju | BZ7: Cukup Tidak Setuju | CA7: Cukup Setuju | CB7: Tidak Setuju | CC7: Cukup Setuju | CD7: Cukup Setuju | CE7: Setuju | CF7: Setuju | CG7: Setuju | CH7: Sangat Setuju | CI7: Setuju | CJ7: Setuju | CK7: Setuju | CL7: Sangat Setuju | CM7: Setuju | CN7: Setuju | CO7: Hijau | CP7: Setuju | CQ7: Setuju | CR7: Sangat Setuju | CS7: Setuju | CT7: Kadang-Kadang | CU7: Sering | CV7: Kadang-Kadang | CW7: Sering | CX7: Jarang | CY7: Kadang-Kadang | CZ7: Kadang-Kadang | DA7: Kadang-Kadang | DB7: Jarang | DC7: Jarang | DD7: Kadang-Kadang | DE7: Jarang | DF7: Kadang-Kadang | DG7: Jarang | DH7: Ungu | DI7: Kadang-Kadang | DJ7: Jarang | DK7: Tidak Pernah | DL7: Tidak Pernah | DM7: Kadang-Kadang | DN7: muhamadmaulanamiftahfarid@gmail.com
A8: 46249.432 | B8: Ya, saya bersedia berpartisipasi. | C8: Ya | D8: MS | E8: Perempuan | F8: 19 | G8: Institut Pertanian Bogor | H8: Sekolah Vokasi/Manajemen Industri | I8: 3 | J8: Purwasuka (Purwakarta, Subang, Karawang) | K8: Pinggiran Kota (Sub Urban) | L8: Kos/Kontrakan | M8: Menggambarkan diri saya | N8: Menggambarkan diri saya | O8: Sangat menggambarkan diri saya | P8: Sangat menggambarkan diri saya | Q8: Menggambarkan diri saya | R8: Sangat menggambarkan diri saya | S8: Menggambarkan diri saya | T8: Sangat menggambarkan diri saya | U8: Cukup Menggambarkan diri saya | V8: Menggambarkan diri saya | W8: Biru | X8: Menggambarkan diri saya | Y8: Sangat menggambarkan diri saya | Z8: Menggambarkan diri saya | AA8: Cukup Menggambarkan diri saya | AB8: Menggambarkan diri saya | AC8: Menggambarkan diri saya | AD8: Cukup Menggambarkan diri saya | AE8: Netral | AF8: Sangat Setuju | AG8: Cukup Setuju | AH8: Setuju | AI8: Cukup Setuju | AJ8: Setuju | AK8: Cukup Setuju | AL8: Cukup Setuju | AM8: Cukup Setuju | AN8: Setuju | AO8: Setuju | AP8: Cukup Setuju | AQ8: Cukup Setuju | AR8: Cukup Setuju | AS8: Cukup Setuju | AT8: Cukup Setuju | AU8: Tidak Setuju | AV8: Hijau Tua | AW8: Setuju | AX8: Cukup Setuju | AY8: Cukup Tidak Setuju | AZ8: Cukup Setuju | BA8: Sangat Tidak Setuju | BB8: Setuju | BC8: Setuju | BD8: Cukup Setuju | BE8: Cukup Setuju | BF8: Kuning | BG8: Setuju | BH8: Sangat Tidak Setuju | BI8: Setuju | BJ8: Sangat Tidak Setuju | BK8: Tidak Setuju | BL8: Cukup Setuju | BM8: Cukup Setuju | BN8: Tidak Setuju | BO8: Cukup Setuju | BP8: Sangat Tidak Setuju | BQ8: Cukup Tidak Setuju | BR8: Cukup Setuju | BS8: Cukup Setuju | BT8: Cukup Setuju | BU8: Ungu | BV8: Cukup Tidak Setuju | BW8: Cukup Setuju | BX8: Cukup Tidak Setuju | BY8: Setuju | BZ8: Cukup Setuju | CA8: Cukup Setuju | CB8: Cukup Tidak Setuju | CC8: Cukup Tidak Setuju | CD8: Tidak Setuju | CE8: Setuju | CF8: Setuju | CG8: Setuju | CH8: Setuju | CI8: Setuju | CJ8: Netral | CK8: Netral | CL8: Netral | CM8: Netral | CN8: Netral | CO8: Hijau | CP8: Setuju | CQ8: Netral | CR8: Netral | CS8: Netral | CT8: Kadang-Kadang | CU8: Sering | CV8: Kadang-Kadang | CW8: Sering | CX8: Kadang-Kadang | CY8: Sering | CZ8: Jarang | DA8: Tidak Pernah | DB8: Sering | DC8: Sering | DD8: Sering | DE8: Jarang | DF8: Tidak Pernah | DG8: Jarang | DH8: Ungu | DI8: Kadang-Kadang | DJ8: Tidak Pernah | DK8: Tidak Pernah | DL8: Kadang-Kadang | DM8: Sering | DN8: mustikaselviyani@apps.ipb.ac.id
A9: 46249.448 | B9: Ya, saya bersedia berpartisipasi. | C9: Ya | D9: Ainun | E9: Perempuan | F9: 19 | G9: IPB University | H9: Sekolah Vokasi/Manajemen Industri | I9: 3 | J9: Bodebekpunjur (Bogor, Depok, Bekasi, Puncak, Cianjur) | K9: Pinggiran Kota (Sub Urban) | L9: Rumah Orang Tua/Wali | M9: Cukup Menggambarkan diri saya | N9: Cukup Tidak Menggambarkan diri saya | O9: Menggambarkan diri saya | P9: Cukup Menggambarkan diri saya | Q9: Cukup Tidak Menggambarkan diri saya | R9: Sangat menggambarkan diri saya | S9: Cukup Menggambarkan diri saya | T9: Menggambarkan diri saya | U9: Menggambarkan diri saya | V9: Netral | W9: Biru | X9: Cukup Menggambarkan diri saya | Y9: Menggambarkan diri saya | Z9: Menggambarkan diri saya | AA9: Menggambarkan diri saya | AB9: Netral | AC9: Menggambarkan diri saya | AD9: Menggambarkan diri saya | AE9: Netral | AF9: Setuju | AG9: Cukup Setuju | AH9: Setuju | AI9: Cukup Setuju | AJ9: Setuju | AK9: Setuju | AL9: Cukup Setuju | AM9: Cukup Tidak Setuju | AN9: Cukup Setuju | AO9: Setuju | AP9: Cukup Setuju | AQ9: Cukup Setuju | AR9: Setuju | AS9: Cukup Setuju | AT9: Cukup Setuju | AU9: Cukup Setuju | AV9: Hijau Tua | AW9: Sangat Setuju | AX9: Tidak Setuju | AY9: Sangat Setuju | AZ9: Cukup Setuju | BA9: Sangat Tidak Setuju | BB9: Setuju | BC9: Tidak Setuju | BD9: Setuju | BE9: Setuju | BF9: Kuning | BG9: Sangat Setuju | BH9: Sangat Tidak Setuju | BI9: Setuju | BJ9: Sangat Tidak Setuju | BK9: Sangat Tidak Setuju | BL9: Sangat Setuju | BM9: Cukup Setuju | BN9: Tidak Setuju | BO9: Setuju | BP9: Sangat Tidak Setuju | BQ9: Sangat Setuju | BR9: Sangat Tidak Setuju | BS9: Tidak Setuju | BT9: Sangat Setuju | BU9: Ungu | BV9: Setuju | BW9: Setuju | BX9: Cukup Setuju | BY9: Setuju | BZ9: Cukup Setuju | CA9: Setuju | CB9: Tidak Setuju | CC9: Tidak Setuju | CD9: Tidak Setuju | CE9: Tidak Setuju | CF9: Setuju | CG9: Netral | CH9: Netral | CI9: Setuju | CJ9: Setuju | CK9: Sangat Setuju | CL9: Setuju | CM9: Netral | CN9: Setuju | CO9: Hijau | CP9: Tidak Setuju | CQ9: Setuju | CR9: Setuju | CS9: Setuju | CT9: Sering | CU9: Sering | CV9: Sering | CW9: Kadang-Kadang | CX9: Sering | CY9: Kadang-Kadang | CZ9: Sering | DA9: Kadang-Kadang | DB9: Kadang-Kadang | DC9: Sering | DD9: Kadang-Kadang | DE9: Kadang-Kadang | DF9: Sering | DG9: Sering | DH9: Ungu | DI9: Kadang-Kadang | DJ9: Sering | DK9: Sering | DL9: Kadang-Kadang | DM9: Kadang-Kadang | DN9: ainunnabila2806@gmail.com
A10: 46249.456 | B10: Ya, saya bersedia berpartisipasi. | C10: Ya | D10: S | E10: Perempuan | F10: 20 | G10: Institute Pertanian Bogor | H10: Manajemen Agribisnis | I10: 5 | J10: Bodebekpunjur (Bogor, Depok, Bekasi, Puncak, Cianjur) | K10: Pinggiran Kota (Sub Urban) | L10: Rumah Orang Tua/Wali | M10: Netral | N10: Cukup Menggambarkan diri saya | O10: Cukup Menggambarkan diri saya | P10: Menggambarkan diri saya | Q10: Menggambarkan diri saya | R10: Menggambarkan diri saya | S10: Cukup Menggambarkan diri saya | T10: Cukup Menggambarkan diri saya | U10: Cukup Menggambarkan diri saya | V10: Cukup Menggambarkan diri saya | W10: Biru | X10: Cukup Menggambarkan diri saya | Y10: Cukup Menggambarkan diri saya | Z10: Menggambarkan diri saya | AA10: Sangat menggambarkan diri saya | AB10: Menggambarkan diri saya | AC10: Menggambarkan diri saya | AD10: Menggambarkan diri saya | AE10: Menggambarkan diri saya | AF10: Sangat Setuju | AG10: Setuju | AH10: Setuju | AI10: Sangat Setuju | AJ10: Sangat Setuju | AK10: Setuju | AL10: Setuju | AM10: Cukup Setuju | AN10: Cukup Setuju | AO10: Cukup Setuju | AP10: Cukup Setuju | AQ10: Cukup Setuju | AR10: Cukup Setuju | AS10: Setuju | AT10: Setuju | AU10: Cukup Setuju | AV10: Hijau Tua | AW10: Cukup Setuju | AX10: Cukup Tidak Setuju | AY10: Cukup Setuju | AZ10: Cukup Tidak Setuju | BA10: Tidak Setuju | BB10: Cukup Setuju | BC10: Setuju | BD10: Cukup Tidak Setuju | BE10: Setuju | BF10: Kuning | BG10: Setuju | BH10: Cukup Tidak Setuju | BI10: Cukup Setuju | BJ10: Cukup Setuju | BK10: Setuju | BL10: Cukup Setuju | BM10: Cukup Setuju | BN10: Cukup Tidak Setuju | BO10: Cukup Setuju | BP10: Tidak Setuju | BQ10: Cukup Setuju | BR10: Cukup Tidak Setuju | BS10: Cukup Tidak Setuju | BT10: Setuju | BU10: Ungu | BV10: Cukup Setuju | BW10: Setuju | BX10: Cukup Tidak Setuju | BY10: Setuju | BZ10: Setuju | CA10: Setuju | CB10: Cukup Setuju | CC10: Cukup Setuju | CD10: Cukup Setuju | CE10: Sangat Setuju | CF10: Sangat Setuju | CG10: Sangat Setuju | CH10: Sangat Setuju | CI10: Sangat Setuju | CJ10: Sangat Setuju | CK10: Setuju | CL10: Sangat Setuju | CM10: Sangat Setuju | CN10: Sangat Setuju | CO10: Hijau | CP10: Setuju | CQ10: Setuju | CR10: Sangat Setuju | CS10: Setuju | CT10: Kadang-Kadang | CU10: Sering | CV10: Jarang | CW10: Jarang | CX10: Kadang-Kadang | CY10: Kadang-Kadang | CZ10: Jarang | DA10: Jarang | DB10: Kadang-Kadang | DC10: Sering | DD10: Selalu | DE10: Jarang | DF10: Jarang | DG10: Kadang-Kadang | DH10: Ungu | DI10: Kadang-Kadang | DJ10: Kadang-Kadang | DK10: Tidak Pernah | DL10: Kadang-Kadang | DM10: Jarang | DN10: sucioktapy10@gmail.com
A11: 46249.458 | B11: Ya, saya bersedia berpartisipasi. | C11: Ya | D11: Sam | E11: Laki-laki | F11: 19 | G11: IPB University | H11: Sekolah Vokasi | I11: 3 | J11: Bodebekpunjur (Bogor, Depok, Bekasi, Puncak, Cianjur) | K11: Pinggiran Kota (Sub Urban) | L11: Rumah Orang Tua/Wali | M11: Cukup Menggambarkan diri saya | N11: Menggambarkan diri saya | O11: Sangat menggambarkan diri saya | P11: Sangat menggambarkan diri saya | Q11: Netral | R11: Sangat menggambarkan diri saya | S11: Sangat menggambarkan diri saya | T11: Netral | U11: Sangat menggambarkan diri saya | V11: Sangat menggambarkan diri saya | W11: Biru | X11: Menggambarkan diri saya | Y11: Sangat menggambarkan diri saya | Z11: Menggambarkan diri saya | AA11: Sangat menggambarkan diri saya | AB11: Sangat menggambarkan diri saya | AC11: Sangat menggambarkan diri saya | AD11: Cukup Menggambarkan diri saya | AE11: Menggambarkan diri saya | AF11: Sangat Setuju | AG11: Setuju | AH11: Setuju | AI11: Setuju | AJ11: Sangat Setuju | AK11: Setuju | AL11: Setuju | AM11: Cukup Setuju | AN11: Setuju | AO11: Cukup Setuju | AP11: Setuju | AQ11: Cukup Setuju | AR11: Setuju | AS11: Sangat Setuju | AT11: Setuju | AU11: Tidak Setuju | AV11: Hijau Tua | AW11: Setuju | AX11: Cukup Tidak Setuju | AY11: Cukup Tidak Setuju | AZ11: Setuju | BA11: Sangat Tidak Setuju | BB11: Sangat Setuju | BC11: Tidak Setuju | BD11: Sangat Setuju | BE11: Cukup Setuju | BF11: Kuning | BG11: Sangat Setuju | BH11: Sangat Tidak Setuju | BI11: Cukup Setuju | BJ11: Sangat Tidak Setuju | BK11: Tidak Setuju | BL11: Sangat Setuju | BM11: Sangat Setuju | BN11: Tidak Setuju | BO11: Sangat Setuju | BP11: Sangat Tidak Setuju | BQ11: Sangat Setuju | BR11: Sangat Tidak Setuju | BS11: Tidak Setuju | BT11: Setuju | BU11: Ungu | BV11: Setuju | BW11: Cukup Tidak Setuju | BX11: Setuju | BY11: Sangat Setuju | BZ11: Cukup Tidak Setuju | CA11: Setuju | CB11: Cukup Tidak Setuju | CC11: Cukup Setuju | CD11: Setuju | CE11: Sangat Setuju | CF11: Sangat Setuju | CG11: Sangat Setuju | CH11: Sangat Setuju | CI11: Sangat Setuju | CJ11: Setuju | CK11: Sangat Setuju | CL11: Setuju | CM11: Sangat Setuju | CN11: Setuju | CO11: Hijau | CP11: Setuju | CQ11: Setuju | CR11: Setuju | CS11: Sangat Setuju | CT11: Kadang-Kadang | CU11: Selalu | CV11: Sering | CW11: Sering | CX11: Kadang-Kadang | CY11: Jarang | CZ11: Jarang | DA11: Kadang-Kadang | DB11: Sering | DC11: Kadang-Kadang | DD11: Sering | DE11: Tidak Pernah | DF11: Tidak Pernah | DG11: Jarang | DH11: Orange | DI11: Tidak Pernah | DJ11: Jarang | DK11: Kadang-Kadang | DL11: Jarang | DM11: Sering | DN11: 081380063411 (Shopeepay, samtama)
A12: 46249.469 | B12: Ya, saya bersedia berpartisipasi. | C12: Ya | D12: Salma I.M | E12: Perempuan | F12: 20 | G12: IPB University | H12: Sekolah Vokasi/Akuntansi | I12: 5 | J12: Purwasuka (Purwakarta, Subang, Karawang) | K12: Pedesaaan (Rural) | L12: Kos/Kontrakan | M12: Menggambarkan diri saya | N12: Menggambarkan diri saya | O12: Menggambarkan diri saya | P12: Sangat menggambarkan diri saya | Q12: Menggambarkan diri saya | R12: Sangat menggambarkan diri saya | S12: Sangat menggambarkan diri saya | T12: Sangat menggambarkan diri saya | U12: Sangat menggambarkan diri saya | V12: Sangat menggambarkan diri saya | W12: Biru | X12: Sangat menggambarkan diri saya | Y12: Menggambarkan diri saya | Z12: Sangat menggambarkan diri saya | AA12: Sangat menggambarkan diri saya | AB12: Menggambarkan diri saya | AC12: Menggambarkan diri saya | AD12: Menggambarkan diri saya | AE12: Menggambarkan diri saya | AF12: Sangat Setuju | AG12: Sangat Setuju | AH12: Sangat Setuju | AI12: Sangat Setuju | AJ12: Sangat Setuju | AK12: Sangat Setuju | AL12: Setuju | AM12: Setuju | AN12: Cukup Tidak Setuju | AO12: Tidak Setuju | AP12: Setuju | AQ12: Cukup Tidak Setuju | AR12: Sangat Setuju | AS12: Sangat Setuju | AT12: Sangat Setuju | AU12: Tidak Setuju | AV12: Hijau Tua | AW12: Setuju | AX12: Setuju | AY12: Tidak Setuju | AZ12: Cukup Setuju | BA12: Sangat Setuju | BB12: Cukup Setuju | BC12: Cukup Tidak Setuju | BD12: Tidak Setuju | BE12: Sangat Tidak Setuju | BF12: Kuning | BG12: Sangat Setuju | BH12: Sangat Tidak Setuju | BI12: Sangat Setuju | BJ12: Tidak Setuju | BK12: Sangat Tidak Setuju | BL12: Sangat Setuju | BM12: Sangat Setuju | BN12: Sangat Tidak Setuju | BO12: Sangat Setuju | BP12: Tidak Setuju | BQ12: Setuju | BR12: Sangat Tidak Setuju | BS12: Tidak Setuju | BT12: Setuju | BU12: Ungu | BV12: Cukup Setuju | BW12: Cukup Tidak Setuju | BX12: Tidak Setuju | BY12: Cukup Setuju | BZ12: Setuju | CA12: Setuju | CB12: Setuju | CC12: Tidak Setuju | CD12: Setuju | CE12: Sangat Setuju | CF12: Sangat Setuju | CG12: Sangat Setuju | CH12: Sangat Setuju | CI12: Sangat Setuju | CJ12: Sangat Setuju | CK12: Tidak Setuju | CL12: Sangat Setuju | CM12: Sangat Setuju | CN12: Sangat Setuju | CO12: Hijau | CP12: Sangat Setuju | CQ12: Setuju | CR12: Setuju | CS12: Setuju | CT12: Selalu | CU12: Selalu | CV12: Selalu | CW12: Kadang-Kadang | CX12: Tidak Pernah | CY12: Sering | CZ12: Tidak Pernah | DA12: Kadang-Kadang | DB12: Tidak Pernah | DC12: Sering | DD12: Sering | DE12: Tidak Pernah | DF12: Tidak Pernah | DG12: Kadang-Kadang | DH12: Orange | DI12: Kadang-Kadang | DJ12: Kadang-Kadang | DK12: Tidak Pernah | DL12: Tidak Pernah | DM12: Sering | DN12: 082127283500
A13: 46249.47 | B13: Ya, saya bersedia berpartisipasi. | C13: Ya | D13: Faw | E13: Perempuan | F13: 19 | G13: IPB University | H13: Sekolah vokasi/ Manajemen Agribisnis | I13: 3 | J13: Sukabumi dan Sekitarnya | K13: Pinggiran Kota (Sub Urban) | L13: Kos/Kontrakan | M13: Sangat menggambarkan diri saya | N13: Sangat menggambarkan diri saya | O13: Sangat menggambarkan diri saya | P13: Sangat menggambarkan diri saya | Q13: Cukup Menggambarkan diri saya | R13: Sangat menggambarkan diri saya | S13: Sangat menggambarkan diri saya | T13: Sangat menggambarkan diri saya | U13: Sangat menggambarkan diri saya | V13: Sangat menggambarkan diri saya | W13: Biru | X13: Sangat menggambarkan diri saya | Y13: Sangat menggambarkan diri saya | Z13: Sangat menggambarkan diri saya | AA13: Sangat menggambarkan diri saya | AB13: Sangat menggambarkan diri saya | AC13: Cukup Menggambarkan diri saya | AD13: Sangat menggambarkan diri saya | AE13: Sangat menggambarkan diri saya | AF13: Sangat Setuju | AG13: Sangat Setuju | AH13: Cukup Setuju | AI13: Sangat Setuju | AJ13: Sangat Setuju | AK13: Sangat Setuju | AL13: Sangat Setuju | AM13: Cukup Setuju | AN13: Cukup Setuju | AO13: Cukup Tidak Setuju | AP13: Sangat Setuju | AQ13: Cukup Tidak Setuju | AR13: Setuju | AS13: Sangat Setuju | AT13: Cukup Setuju | AU13: Tidak Setuju | AV13: Hijau Tua | AW13: Sangat Setuju | AX13: Cukup Tidak Setuju | AY13: Cukup Tidak Setuju | AZ13: Sangat Setuju | BA13: Sangat Tidak Setuju | BB13: Sangat Setuju | BC13: Sangat Tidak Setuju | BD13: Sangat Setuju | BE13: Sangat Tidak Setuju | BF13: Kuning | BG13: Sangat Setuju | BH13: Sangat Tidak Setuju | BI13: Cukup Setuju | BJ13: Tidak Setuju | BK13: Tidak Setuju | BL13: Sangat Setuju | BM13: Cukup Setuju | BN13: Sangat Tidak Setuju | BO13: Sangat Setuju | BP13: Tidak Setuju | BQ13: Setuju | BR13: Tidak Setuju | BS13: Tidak Setuju | BT13: Sangat Setuju | BU13: Ungu | BV13: Sangat Setuju | BW13: Tidak Setuju | BX13: Sangat Setuju | BY13: Setuju | BZ13: Cukup Tidak Setuju | CA13: Sangat Setuju | CB13: Cukup Tidak Setuju | CC13: Tidak Setuju | CD13: Setuju | CE13: Sangat Setuju | CF13: Sangat Setuju | CG13: Sangat Setuju | CH13: Sangat Setuju | CI13: Sangat Setuju | CJ13: Sangat Setuju | CK13: Setuju | CL13: Sangat Setuju | CM13: Sangat Setuju | CN13: Sangat Setuju | CO13: Hijau | CP13: Sangat Setuju | CQ13: Setuju | CR13: Sangat Setuju | CS13: Sangat Setuju | CT13: Kadang-Kadang | CU13: Selalu | CV13: Kadang-Kadang | CW13: Sering | CX13: Sering | CY13: Kadang-Kadang | CZ13: Jarang | DA13: Jarang | DB13: Sering | DC13: Sering | DD13: Selalu | DE13: Jarang | DF13: Kadang-Kadang | DG13: Sering | DH13: Orange | DI13: Selalu | DJ13: Kadang-Kadang | DK13: Kadang-Kadang | DL13: Jarang | DM13: Jarang | DN13: zahrariyana3@gmail.com
... A16: 46249.484 | B16: Ya, saya bersedia berpartisipasi. | C16: Ya | D16: Hilda | E16: Perempuan | F16: 19 | G16: Institut Pertanian Bogor | H16: Manajemen Agribisnis | I16: 3 | J16: Bodebekpunjur (Bogor, Depok, Bekasi, Puncak, Cianjur) | K16: Kota (Urban) | L16: Rumah Orang Tua/Wali | M16: Netral | N16: Tidak Menggambarkan diri saya | O16: Menggambarkan diri saya | P16: Cukup Menggambarkan diri saya | Q16: Sangat tidak menggambarkan diri saya | R16: Cukup Menggambarkan diri saya | S16: Menggambarkan diri saya | T16: Menggambarkan diri saya | U16: Tidak Menggambarkan diri saya | V16: Sangat menggambarkan diri saya | W16: Biru | X16: Menggambarkan diri saya | Y16: Netral | Z16: Cukup Menggambarkan diri saya | AA16: Netral | AB16: Menggambarkan diri saya | AC16: Sangat tidak menggambarkan diri saya | AD16: Tidak Menggambarkan diri saya | AE16: Tidak Menggambarkan diri saya | AF16: Netral | AG16: Cukup Setuju | AH16: Setuju | AI16: Netral | AJ16: Sangat Setuju | AK16: Cukup Setuju | AL16: Tidak Setuju | AM16: Cukup Setuju | AN16: Sangat Setuju | AO16: Cukup Setuju | AP16: Setuju | AQ16: Setuju | AR16: Sangat Setuju | AS16: Cukup Setuju | AT16: Setuju | AU16: Setuju | AV16: Hijau Tua | AW16: Sangat Setuju | AX16: Setuju | AY16: Sangat Setuju | AZ16: Cukup Setuju | BA16: Setuju | BB16: Sangat Setuju | BC16: Setuju | BD16: Cukup Setuju | BE16: Sangat Setuju | BF16: Kuning | BG16: Sangat Setuju | BH16: Setuju | BI16: Sangat Setuju | BJ16: Setuju | BK16: Sangat Setuju | BL16: Sangat Setuju | BM16: Cukup Setuju | BN16: Sangat Setuju | BO16: Cukup Setuju | BP16: Cukup Setuju | BQ16: Setuju | BR16: Sangat Tidak Setuju | BS16: Cukup Setuju | BT16: Sangat Setuju | BU16: Ungu | BV16: Cukup Setuju | BW16: Setuju | BX16: Sangat Setuju | BY16: Cukup Setuju | BZ16: Setuju | CA16: Sangat Setuju | CB16: Setuju | CC16: Sangat Setuju | CD16: Cukup Setuju | CE16: Sangat Setuju | CF16: Setuju | CG16: Sangat Setuju | CH16: Netral | CI16: Sangat Setuju | CJ16: Sangat Tidak Setuju | CK16: Tidak Setuju | CL16: Netral | CM16: Netral | CN16: Netral | CO16: Hijau | CP16: Sangat Tidak Setuju | CQ16: Tidak Setuju | CR16: Setuju | CS16: Sangat Setuju | CT16: Sering | CU16: Selalu | CV16: Selalu | CW16: Sering | CX16: Tidak Pernah | CY16: Kadang-Kadang | CZ16: Tidak Pernah | DA16: Jarang | DB16: Sering | DC16: Selalu | DD16: Selalu | DE16: Selalu | DF16: Jarang | DG16: Sering | DH16: Orange | DI16: Tidak Pernah | DJ16: Sering | DK16: Kadang-Kadang | DL16: Jarang | DM16: Selalu | DN16: melanihilda22@gmail.com
A17: 46249.491 | B17: Ya, saya bersedia berpartisipasi. | C17: Ya | D17: Putri | E17: Perempuan | F17: 19 | G17: IPB University | H17: Sekolah Vokasi/Manajemen Industri | I17: 3 | J17: Bodebekpunjur (Bogor, Depok, Bekasi, Puncak, Cianjur) | K17: Kota (Urban) | L17: Rumah Orang Tua/Wali | M17: Cukup Menggambarkan diri saya | N17: Cukup Menggambarkan diri saya | O17: Menggambarkan diri saya | P17: Netral | Q17: Cukup Tidak Menggambarkan diri saya | R17: Cukup Menggambarkan diri saya | S17: Cukup Menggambarkan diri saya | T17: Netral | U17: Cukup Menggambarkan diri saya | V17: Menggambarkan diri saya | W17: Biru | X17: Cukup Menggambarkan diri saya | Y17: Cukup Menggambarkan diri saya | Z17: Cukup Menggambarkan diri saya | AA17: Cukup Menggambarkan diri saya | AB17: Netral | AC17: Netral | AD17: Netral | AE17: Cukup Tidak Menggambarkan diri saya | AF17: Setuju | AG17: Setuju | AH17: Setuju | AI17: Setuju | AJ17: Cukup Setuju | AK17: Setuju | AL17: Setuju | AM17: Setuju | AN17: Cukup Setuju | AO17: Cukup Setuju | AP17: Setuju | AQ17: Cukup Setuju | AR17: Setuju | AS17: Setuju | AT17: Cukup Setuju | AU17: Tidak Setuju | AV17: Hijau Tua | AW17: Setuju | AX17: Tidak Setuju | AY17: Cukup Tidak Setuju | AZ17: Setuju | BA17: Tidak Setuju | BB17: Setuju | BC17: Tidak Setuju | BD17: Setuju | BE17: Tidak Setuju | BF17: Kuning | BG17: Setuju | BH17: Tidak Setuju | BI17: Setuju | BJ17: Tidak Setuju | BK17: Tidak Setuju | BL17: Setuju | BM17: Setuju | BN17: Tidak Setuju | BO17: Cukup Setuju | BP17: Cukup Tidak Setuju | BQ17: Setuju | BR17: Tidak Setuju | BS17: Tidak Setuju | BT17: Setuju | BU17: Ungu | BV17: Setuju | BW17: Tidak Setuju | BX17: Setuju | BY17: Setuju | BZ17: Cukup Tidak Setuju | CA17: Setuju | CB17: Tidak Setuju | CC17: Cukup Tidak Setuju | CD17: Setuju | CE17: Setuju | CF17: Setuju | CG17: Setuju | CH17: Setuju | CI17: Setuju | CJ17: Setuju | CK17: Setuju | CL17: Setuju | CM17: Setuju | CN17: Setuju | CO17: Hijau | CP17: Netral | CQ17: Netral | CR17: Netral | CS17: Setuju | CT17: Kadang-Kadang | CU17: Sering | CV17: Kadang-Kadang | CW17: Kadang-Kadang | CX17: Kadang-Kadang | CY17: Kadang-Kadang | CZ17: Kadang-Kadang | DA17: Jarang | DB17: Jarang | DC17: Tidak Pernah | DD17: Jarang | DE17: Tidak Pernah | DF17: Tidak Pernah | DG17: Tidak Pernah | DH17: Orange | DI17: Tidak Pernah | DJ17: Tidak Pernah | DK17: Tidak Pernah | DL17: Tidak Pernah | DM17: Jarang
A18: 46249.494 | B18: Ya, saya bersedia berpartisipasi. | C18: Ya | D18: Tla | E18: Perempuan | F18: 19 | G18: Institut Pertanian Bogor | H18: Sekolah Vokasi/Manajemen Agribisnis | I18: 3 | J18: Bodebekpunjur (Bogor, Depok, Bekasi, Puncak, Cianjur) | K18: Pinggiran Kota (Sub Urban) | L18: Rumah Orang Tua/Wali | M18: Cukup Menggambarkan diri saya | N18: Cukup Menggambarkan diri saya | O18: Sangat menggambarkan diri saya | P18: Cukup Menggambarkan diri saya | Q18: Sangat tidak menggambarkan diri saya | R18: Menggambarkan diri saya | S18: Sangat menggambarkan diri saya | T18: Cukup Menggambarkan diri saya | U18: Netral | V18: Netral | W18: Biru | X18: Cukup Menggambarkan diri saya | Y18: Sangat menggambarkan diri saya | Z18: Cukup Menggambarkan diri saya | AA18: Netral | AB18: Netral | AC18: Netral | AD18: Netral | AE18: Cukup Menggambarkan diri saya | AF18: Sangat Setuju | AG18: Cukup Setuju | AH18: Cukup Setuju | AI18: Cukup Setuju | AJ18: Netral | AK18: Netral | AL18: Cukup Setuju | AM18: Cukup Tidak Setuju | AN18: Cukup Setuju | AO18: Cukup Tidak Setuju | AP18: Cukup Setuju | AQ18: Cukup Tidak Setuju | AR18: Cukup Setuju | AS18: Cukup Setuju | AT18: Cukup Setuju | AU18: Tidak Setuju | AV18: Hijau Tua | AW18: Cukup Setuju | AX18: Cukup Tidak Setuju | AY18: Cukup Tidak Setuju | AZ18: Cukup Setuju | BA18: Sangat Tidak Setuju | BB18: Setuju | BC18: Cukup Tidak Setuju | BD18: Cukup Setuju | BE18: Cukup Setuju | BF18: Kuning | BG18: Sangat Setuju | BH18: Cukup Setuju | BI18: Cukup Setuju | BJ18: Sangat Tidak Setuju | BK18: Sangat Tidak Setuju | BL18: Sangat Setuju | BM18: Setuju | BN18: Sangat Tidak Setuju | BO18: Setuju | BP18: Tidak Setuju | BQ18: Cukup Setuju | BR18: Sangat Tidak Setuju | BS18: Tidak Setuju | BT18: Sangat Setuju | BU18: Ungu | BV18: Cukup Setuju | BW18: Cukup Tidak Setuju | BX18: Setuju | BY18: Setuju | BZ18: Cukup Setuju | CA18: Setuju | CB18: Cukup Tidak Setuju | CC18: Cukup Tidak Setuju | CD18: Sangat Setuju | CE18: Setuju | CF18: Setuju | CG18: Setuju | CH18: Setuju | CI18: Setuju | CJ18: Setuju | CK18: Netral | CL18: Sangat Setuju | CM18: Sangat Setuju | CN18: Setuju | CO18: Hijau | CP18: Setuju | CQ18: Netral | CR18: Setuju | CS18: Netral | CT18: Kadang-Kadang | CU18: Selalu | CV18: Kadang-Kadang | CW18: Kadang-Kadang | CX18: Jarang | CY18: Kadang-Kadang | CZ18: Jarang | DA18: Jarang | DB18: Jarang | DC18: Jarang | DD18: Kadang-Kadang | DE18: Tidak Pernah | DF18: Tidak Pernah | DG18: Jarang | DH18: Orange | DI18: Jarang | DJ18: Jarang | DK18: Tidak Pernah | DL18: Tidak Pernah | DM18: Jarang | DN18: 088289271441 (gopay)
A19: 46249.529 | B19: Ya, saya bersedia berpartisipasi. | C19: Ya | D19: J | E19: Perempuan | F19: 19 | G19: IPB University | H19: SV | I19: 3 | J19: Bodebekpunjur (Bogor, Depok, Bekasi, Puncak, Cianjur) | K19: Kota (Urban) | L19: Kos/Kontrakan | M19: Netral | N19: Cukup Tidak Menggambarkan diri saya | O19: Menggambarkan diri saya | P19: Netral | Q19: Sangat tidak menggambarkan diri saya | R19: Cukup Menggambarkan diri saya | S19: Menggambarkan diri saya | T19: Netral | U19: Cukup Tidak Menggambarkan diri saya | V19: Menggambarkan diri saya | W19: Biru | X19: Netral | Y19: Menggambarkan diri saya | Z19: Cukup Tidak Menggambarkan diri saya | AA19: Netral | AB19: Netral | AC19: Tidak Menggambarkan diri saya | AD19: Netral | AE19: Sangat tidak menggambarkan diri saya | AF19: Setuju | AG19: Cukup Setuju | AH19: Netral | AI19: Cukup Setuju | AJ19: Cukup Setuju | AK19: Cukup Setuju | AL19: Setuju | AM19: Setuju | AN19: Setuju | AO19: Tidak Setuju | AP19: Setuju | AQ19: Cukup Setuju | AR19: Setuju | AS19: Setuju | AT19: Setuju | AU19: Cukup Tidak Setuju | AV19: Hijau Tua | AW19: Cukup Setuju | AX19: Cukup Setuju | AY19: Cukup Tidak Setuju | AZ19: Cukup Setuju | BA19: Sangat Tidak Setuju | BB19: Setuju | BC19: Cukup Tidak Setuju | BD19: Cukup Setuju | BE19: Cukup Tidak Setuju | BF19: Kuning | BG19: Sangat Setuju | BH19: Sangat Tidak Setuju | BI19: Setuju | BJ19: Tidak Setuju | BK19: Cukup Setuju | BL19: Cukup Setuju | BM19: Setuju | BN19: Cukup Tidak Setuju | BO19: Cukup Setuju | BP19: Sangat Tidak Setuju | BQ19: Cukup Setuju | BR19: Cukup Setuju | BS19: Sangat Tidak Setuju | BT19: Cukup Setuju | BU19: Ungu | BV19: Cukup Setuju | BW19: Cukup Tidak Setuju | BX19: Cukup Tidak Setuju | BY19: Cukup Setuju | BZ19: Cukup Setuju | CA19: Cukup Setuju | CB19: Tidak Setuju | CC19: Cukup Setuju | CD19: Cukup Setuju | CE19: Setuju | CF19: Setuju | CG19: Setuju | CH19: Setuju | CI19: Setuju | CJ19: Setuju | CK19: Setuju | CL19: Setuju | CM19: Setuju | CN19: Setuju | CO19: Hijau | CP19: Setuju | CQ19: Setuju | CR19: Setuju | CS19: Setuju | CT19: Jarang | CU19: Sering | CV19: Kadang-Kadang | CW19: Sering | CX19: Jarang | CY19: Kadang-Kadang | CZ19: Tidak Pernah | DA19: Tidak Pernah | DB19: Tidak Pernah | DC19: Tidak Pernah | DD19: Tidak Pernah | DE19: Tidak Pernah | DF19: Tidak Pernah | DG19: Tidak Pernah | DH19: Orange | DI19: Tidak Pernah | DJ19: Tidak Pernah | DK19: Tidak Pernah | DL19: Tidak Pernah | DM19: Tidak Pernah | DN19: jeanraa.fh@gmail.com
A20: 46249.56 | B20: Ya, saya bersedia berpartisipasi. | C20: Ya | D20: H | E20: Perempuan | F20: 19 | G20: IPB | H20: MNI | I20: 5 | J20: Bodebekpunjur (Bogor, Depok, Bekasi, Puncak, Cianjur) | K20: Kota (Urban) | L20: Kos/Kontrakan | M20: Cukup Menggambarkan diri saya | N20: Menggambarkan diri saya | O20: Menggambarkan diri saya | P20: Sangat menggambarkan diri saya | Q20: Netral | R20: Cukup Menggambarkan diri saya | S20: Menggambarkan diri saya | T20: Menggambarkan diri saya | U20: Menggambarkan diri saya | V20: Menggambarkan diri saya | W20: Biru | X20: Menggambarkan diri saya | Y20: Menggambarkan diri saya | Z20: Menggambarkan diri saya | AA20: Cukup Menggambarkan diri saya | AB20: Netral | AC20: Cukup Menggambarkan diri saya | AD20: Cukup Menggambarkan diri saya | AE20: Menggambarkan diri saya | AF20: Setuju | AG20: Setuju | AH20: Cukup Setuju | AI20: Sangat Setuju | AJ20: Sangat Setuju | AK20: Setuju | AL20: Cukup Setuju | AM20: Cukup Setuju | AN20: Cukup Tidak Setuju | AO20: Cukup Setuju | AP20: Cukup Tidak Setuju | AQ20: Cukup Setuju | AR20: Cukup Setuju | AS20: Cukup Tidak Setuju | AT20: Cukup Setuju | AU20: Cukup Setuju | AV20: Hijau Tua | AW20: Setuju | AX20: Cukup Tidak Setuju | AY20: Cukup Setuju | AZ20: Cukup Tidak Setuju | BA20: Sangat Tidak Setuju | BB20: Sangat Setuju | BC20: Sangat Setuju | BD20: Tidak Setuju | BE20: Cukup Tidak Setuju | BF20: Kuning | BG20: Sangat Setuju | BH20: Sangat Tidak Setuju | BI20: Cukup Setuju | BJ20: Cukup Setuju | BK20: Cukup Tidak Setuju | BL20: Cukup Tidak Setuju | BM20: Setuju | BN20: Cukup Tidak Setuju | BO20: Cukup Tidak Setuju | BP20: Sangat Tidak Setuju | BQ20: Setuju | BR20: Cukup Setuju | BS20: Cukup Setuju | BT20: Sangat Setuju | BU20: Ungu | BV20: Cukup Setuju | BW20: Setuju | BX20: Setuju | BY20: Setuju | BZ20: Cukup Setuju | CA20: Setuju | CB20: Tidak Setuju | CC20: Cukup Tidak Setuju | CD20: Cukup Setuju | CE20: Sangat Setuju | CF20: Sangat Setuju | CG20: Sangat Setuju | CH20: Sangat Setuju | CI20: Sangat Setuju | CJ20: Sangat Setuju | CK20: Netral | CL20: Sangat Setuju | CM20: Sangat Setuju | CN20: Netral | CO20: Hijau | CP20: Netral | CQ20: Netral | CR20: Setuju | CS20: Setuju | CT20: Jarang | CU20: Kadang-Kadang | CV20: Kadang-Kadang | CW20: Jarang | CX20: Tidak Pernah | CY20: Jarang | CZ20: Jarang | DA20: Tidak Pernah | DB20: Sering | DC20: Sering | DD20: Sering | DE20: Tidak Pernah | DF20: Tidak Pernah | DG20: Tidak Pernah | DH20: Orange | DI20: Tidak Pernah | DJ20: Jarang | DK20: Tidak Pernah | DL20: Tidak Pernah | DM20: Kadang-Kadang | DN20: cahayahana7@gmail.com
A21: 46249.732 | B21: Ya, saya bersedia berpartisipasi. | C21: Ya | D21: Danish | E21: Perempuan | F21: 20 | G21: Institut Pertanian Bogor | H21: Manajemen Agribisnis | I21: 5 | J21: Bodebekpunjur (Bogor, Depok, Bekasi, Puncak, Cianjur) | K21: Kota (Urban) | L21: Kos/Kontrakan | M21: Sangat menggambarkan diri saya | N21: Cukup Menggambarkan diri saya | O21: Sangat menggambarkan diri saya | P21: Sangat menggambarkan diri saya | Q21: Menggambarkan diri saya | R21: Menggambarkan diri saya | S21: Sangat menggambarkan diri saya | T21: Sangat menggambarkan diri saya | U21: Sangat menggambarkan diri saya | V21: Sangat menggambarkan diri saya | W21: Biru | X21: Menggambarkan diri saya | Y21: Sangat menggambarkan diri saya | Z21: Sangat menggambarkan diri saya | AA21: Sangat menggambarkan diri saya | AB21: Sangat menggambarkan diri saya | AC21: Sangat menggambarkan diri saya | AD21: Sangat menggambarkan diri saya | AE21: Sangat menggambarkan diri saya | AF21: Sangat Setuju | AG21: Sangat Setuju | AH21: Sangat Setuju | AI21: Sangat Setuju | AJ21: Sangat Setuju | AK21: Sangat Setuju | AL21: Cukup Setuju | AM21: Cukup Setuju | AN21: Cukup Tidak Setuju | AO21: Cukup Tidak Setuju | AP21: Cukup Setuju | AQ21: Cukup Tidak Setuju | AR21: Setuju | AS21: Setuju | AT21: Setuju | AU21: Cukup Setuju | AV21: Hijau Tua | AW21: Cukup Setuju | AX21: Cukup Setuju | AY21: Cukup Setuju | AZ21: Cukup Setuju | BA21: Sangat Tidak Setuju | BB21: Setuju | BC21: Cukup Tidak Setuju | BD21: Cukup Setuju | BE21: Cukup Tidak Setuju | BF21: Kuning | BG21: Setuju | BH21: Cukup Tidak Setuju | BI21: Cukup Setuju | BJ21: Cukup Setuju | BK21: Cukup Setuju | BL21: Tidak Setuju | BM21: Cukup Setuju | BN21: Cukup Setuju | BO21: Setuju | BP21: Tidak Setuju | BQ21: Cukup Setuju | BR21: Cukup Tidak Setuju | BS21: Cukup Tidak Setuju | BT21: Cukup Setuju | BU21: Ungu | BV21: Cukup Setuju | BW21: Cukup Tidak Setuju | BX21: Cukup Setuju | BY21: Setuju | BZ21: Cukup Setuju | CA21: Setuju | CB21: Cukup Tidak Setuju | CC21: Cukup Setuju | CD21: Setuju | CE21: Setuju | CF21: Setuju | CG21: Setuju | CH21: Setuju | CI21: Setuju | CJ21: Setuju | CK21: Setuju | CL21: Setuju | CM21: Setuju | CN21: Setuju | CO21: Hijau | CP21: Setuju | CQ21: Setuju | CR21: Setuju | CS21: Setuju | CT21: Kadang-Kadang | CU21: Kadang-Kadang | CV21: Kadang-Kadang | CW21: Kadang-Kadang | CX21: Kadang-Kadang | CY21: Sering | CZ21: Sering | DA21: Sering | DB21: Sering | DC21: Sering | DD21: Kadang-Kadang | DE21: Kadang-Kadang | DF21: Sering | DG21: Sering | DH21: Orange | DI21: Sering | DJ21: Sering | DK21: Sering | DL21: Sering | DM21: Kadang-Kadang | DN21: danisharamumtaz02@gmail.com
A22: 46249.764 | B22: Ya, saya bersedia berpartisipasi. | C22: Ya | D22: Syifa | E22: Perempuan | F22: 19 | G22: IPB University | H22: Manajemen Industri | I22: 5 | J22: Bodebekpunjur (Bogor, Depok, Bekasi, Puncak, Cianjur) | K22: Kota (Urban) | L22: Kos/Kontrakan | M22: Menggambarkan diri saya | N22: Netral | O22: Menggambarkan diri saya | P22: Menggambarkan diri saya | Q22: Menggambarkan diri saya | R22: Menggambarkan diri saya | S22: Menggambarkan diri saya | T22: Menggambarkan diri saya | U22: Menggambarkan diri saya | V22: Menggambarkan diri saya | W22: Biru | X22: Menggambarkan diri saya | Y22: Menggambarkan diri saya | Z22: Menggambarkan diri saya | AA22: Menggambarkan diri saya | AB22: Menggambarkan diri saya | AC22: Menggambarkan diri saya | AD22: Menggambarkan diri saya | AE22: Menggambarkan diri saya | AF22: Setuju | AG22: Setuju | AH22: Setuju | AI22: Setuju | AJ22: Setuju | AK22: Setuju | AL22: Setuju | AM22: Setuju | AN22: Setuju | AO22: Setuju | AP22: Setuju | AQ22: Setuju | AR22: Setuju | AS22: Setuju | AT22: Setuju | AU22: Setuju | AV22: Hijau Tua | AW22: Setuju | AX22: Setuju | AY22: Setuju | AZ22: Setuju | BA22: Sangat Tidak Setuju | BB22: Setuju | BC22: Setuju | BD22: Setuju | BE22: Sangat Tidak Setuju | BF22: Kuning | BG22: Setuju | BH22: Sangat Tidak Setuju | BI22: Setuju | BJ22: Tidak Setuju | BK22: Sangat Tidak Setuju | BL22: Setuju | BM22: Setuju | BN22: Sangat Tidak Setuju | BO22: Setuju | BP22: Sangat Tidak Setuju | BQ22: Setuju | BR22: Setuju | BS22: Cukup Setuju | BT22: Cukup Setuju | BU22: Ungu | BV22: Setuju | BW22: Cukup Setuju | BX22: Cukup Setuju | BY22: Setuju | BZ22: Setuju | CA22: Setuju | CB22: Sangat Tidak Setuju | CC22: Setuju | CD22: Cukup Setuju | CE22: Setuju | CF22: Setuju | CG22: Setuju | CH22: Setuju | CI22: Setuju | CJ22: Setuju | CK22: Setuju | CL22: Setuju | CM22: Setuju | CN22: Setuju | CO22: Hijau | CP22: Setuju | CQ22: Setuju | CR22: Setuju | CS22: Setuju | CT22: Kadang-Kadang | CU22: Sering | CV22: Sering | CW22: Sering | CX22: Sering | CY22: Kadang-Kadang | CZ22: Kadang-Kadang | DA22: Kadang-Kadang | DB22: Jarang | DC22: Jarang | DD22: Jarang | DE22: Jarang | DF22: Tidak Pernah | DG22: Sering | DH22: Orange | DI22: Jarang | DJ22: Jarang | DK22: Sering | DL22: Kadang-Kadang | DM22: Kadang-Kadang | DN22: Dana / 085700912878
A23: 46249.799 | B23: Ya, saya bersedia berpartisipasi. | C23: Ya | D23: DL | E23: Perempuan | F23: 20 | G23: IPB | H23: SV | I23: 5 | J23: Bodebekpunjur (Bogor, Depok, Bekasi, Puncak, Cianjur) | K23: Pinggiran Kota (Sub Urban) | L23: Rumah Orang Tua/Wali | M23: Cukup Tidak Menggambarkan diri saya | N23: Cukup Tidak Menggambarkan diri saya | O23: Menggambarkan diri saya | P23: Menggambarkan diri saya | Q23: Sangat menggambarkan diri saya | R23: Cukup Menggambarkan diri saya | S23: Menggambarkan diri saya | T23: Menggambarkan diri saya | U23: Cukup Menggambarkan diri saya | V23: Menggambarkan diri saya | W23: Orange | X23: Cukup Menggambarkan diri saya | Y23: Cukup Menggambarkan diri saya | Z23: Cukup Menggambarkan diri saya | AA23: Menggambarkan diri saya | AB23: Cukup Menggambarkan diri saya | AC23: Menggambarkan diri saya | AD23: Cukup Menggambarkan diri saya | AE23: Menggambarkan diri saya | AF23: Setuju | AG23: Sangat Setuju | AH23: Sangat Setuju | AI23: Sangat Setuju | AJ23: Sangat Setuju | AK23: Sangat Setuju | AL23: Setuju | AM23: Sangat Setuju | AN23: Setuju | AO23: Sangat Setuju | AP23: Setuju | AQ23: Setuju | AR23: Setuju | AS23: Sangat Setuju | AT23: Sangat Setuju | AU23: Cukup Setuju | AV23: Hijau Tua | AW23: Setuju | AX23: Setuju | AY23: Setuju | AZ23: Setuju | BA23: Sangat Setuju | BB23: Setuju | BC23: Sangat Setuju | BD23: Sangat Setuju | BE23: Sangat Setuju | BF23: Kuning | BG23: Sangat Setuju | BH23: Sangat Setuju | BI23: Setuju | BJ23: Sangat Setuju | BK23: Sangat Setuju | BL23: Sangat Setuju | BM23: Cukup Setuju | BN23: Cukup Setuju | BO23: Setuju | BP23: Setuju | BQ23: Cukup Setuju | BR23: Cukup Setuju | BS23: Setuju | BT23: Sangat Setuju | BU23: Ungu | BV23: Setuju | BW23: Sangat Setuju | BX23: Setuju | BY23: Setuju | BZ23: Sangat Setuju | CA23: Setuju | CB23: Sangat Setuju | CC23: Setuju | CD23: Setuju | CE23: Sangat Setuju | CF23: Sangat Setuju | CG23: Sangat Setuju | CH23: Sangat Setuju | CI23: Sangat Setuju | CJ23: Sangat Setuju | CK23: Sangat Setuju | CL23: Sangat Setuju | CM23: Sangat Setuju | CN23: Sangat Setuju | CO23: Hijau | CP23: Sangat Setuju | CQ23: Sangat Setuju | CR23: Sangat Setuju | CS23: Sangat Setuju | CT23: Kadang-Kadang | CU23: Sering | CV23: Kadang-Kadang | CW23: Sering | CX23: Kadang-Kadang | CY23: Sering | CZ23: Kadang-Kadang | DA23: Kadang-Kadang | DB23: Sering | DC23: Kadang-Kadang | DD23: Sering | DE23: Sering | DF23: Sering | DG23: Sering | DH23: Orange | DI23: Sering | DJ23: Sering | DK23: Sering | DL23: Sering | DM23: Sering | DN23: chevaarekavin@gmail.com
A24: 46249.807 | B24: Ya, saya bersedia berpartisipasi. | C24: Ya | D24: Bila | E24: Perempuan | F24: 19 | G24: IPB University | H24: Manajemen Agribisnis | I24: 3 | J24: Sukabumi dan Sekitarnya | K24: Pinggiran Kota (Sub Urban) | L24: Kos/Kontrakan | M24: Netral | N24: Netral | O24: Cukup Menggambarkan diri saya | P24: Menggambarkan diri saya | Q24: Netral | R24: Menggambarkan diri saya | S24: Menggambarkan diri saya | T24: Menggambarkan diri saya | U24: Cukup Menggambarkan diri saya | V24: Netral | W24: Biru | X24: Menggambarkan diri saya | Y24: Menggambarkan diri saya | Z24: Menggambarkan diri saya | AA24: Menggambarkan diri saya | AB24: Cukup Menggambarkan diri saya | AC24: Cukup Menggambarkan diri saya | AD24: Menggambarkan diri saya | AE24: Netral | AF24: Setuju | AG24: Setuju | AH24: Setuju | AI24: Setuju | AJ24: Setuju | AK24: Setuju | AL24: Setuju | AM24: Cukup Setuju | AN24: Cukup Setuju | AO24: Cukup Setuju | AP24: Setuju | AQ24: Cukup Setuju | AR24: Cukup Setuju | AS24: Setuju | AT24: Cukup Setuju | AU24: Cukup Tidak Setuju | AV24: Hijau Tua | AW24: Setuju | AX24: Cukup Setuju | AY24: Cukup Setuju | AZ24: Cukup Setuju | BA24: Tidak Setuju | BB24: Cukup Setuju | BC24: Cukup Tidak Setuju | BD24: Setuju | BE24: Cukup Tidak Setuju | BF24: Kuning | BG24: Sangat Setuju | BH24: Tidak Setuju | BI24: Setuju | BJ24: Cukup Setuju | BK24: Tidak Setuju | BL24: Sangat Setuju | BM24: Setuju | BN24: Cukup Tidak Setuju | BO24: Setuju | BP24: Cukup Tidak Setuju | BQ24: Cukup Setuju | BR24: Cukup Tidak Setuju | BS24: Cukup Tidak Setuju | BT24: Setuju | BU24: Ungu | BV24: Cukup Setuju | BW24: Tidak Setuju | BX24: Setuju | BY24: Setuju | BZ24: Cukup Setuju | CA24: Setuju | CB24: Tidak Setuju | CC24: Cukup Tidak Setuju | CD24: Cukup Tidak Setuju | CE24: Sangat Setuju | CF24: Sangat Setuju | CG24: Sangat Setuju | CH24: Sangat Setuju | CI24: Sangat Setuju | CJ24: Sangat Setuju | CK24: Netral | CL24: Sangat Setuju | CM24: Sangat Setuju | CN24: Sangat Setuju | CO24: Hijau | CP24: Sangat Setuju | CQ24: Setuju | CR24: Setuju | CS24: Setuju | CT24: Kadang-Kadang | CU24: Selalu | CV24: Selalu | CW24: Sering | CX24: Jarang | CY24: Kadang-Kadang | CZ24: Kadang-Kadang | DA24: Sering | DB24: Kadang-Kadang | DC24: Kadang-Kadang | DD24: Kadang-Kadang | DE24: Kadang-Kadang | DF24: Jarang | DG24: Jarang | DH24: Orange | DI24: Tidak Pernah | DJ24: Tidak Pernah | DK24: Tidak Pernah | DL24: Tidak Pernah | DM24: Kadang-Kadang | DN24: lalalachoco5@gmail.con
A25: 46249.821 | B25: Ya, saya bersedia berpartisipasi. | C25: Ya | D25: Marwah Indah Citrawati | E25: Perempuan | F25: 20 | G25: IPB University | H25: Manajemen Agribisnis | I25: 5 | J25: Bodebekpunjur (Bogor, Depok, Bekasi, Puncak, Cianjur) | K25: Pinggiran Kota (Sub Urban) | L25: Rumah Orang Tua/Wali | M25: Sangat menggambarkan diri saya | N25: Netral | O25: Menggambarkan diri saya | P25: Sangat menggambarkan diri saya | Q25: Cukup Tidak Menggambarkan diri saya | R25: Menggambarkan diri saya | S25: Sangat menggambarkan diri saya | T25: Sangat menggambarkan diri saya | U25: Sangat menggambarkan diri saya | V25: Sangat menggambarkan diri saya | W25: Biru | X25: Sangat menggambarkan diri saya | Y25: Sangat menggambarkan diri saya | Z25: Menggambarkan diri saya | AA25: Sangat menggambarkan diri saya | AB25: Sangat menggambarkan diri saya | AC25: Sangat menggambarkan diri saya | AD25: Sangat menggambarkan diri saya | AE25: Netral | AF25: Sangat Setuju | AG25: Setuju | AH25: Setuju | AI25: Setuju | AJ25: Setuju | AK25: Setuju | AL25: Setuju | AM25: Setuju | AN25: Setuju | AO25: Cukup Tidak Setuju | AP25: Cukup Setuju | AQ25: Cukup Tidak Setuju | AR25: Cukup Setuju | AS25: Setuju | AT25: Cukup Setuju | AU25: Cukup Tidak Setuju | AV25: Hijau Tua | AW25: Setuju | AX25: Cukup Tidak Setuju | AY25: Cukup Tidak Setuju | AZ25: Setuju | BA25: Tidak Setuju | BB25: Cukup Setuju | BC25: Cukup Tidak Setuju | BD25: Setuju | BE25: Cukup Tidak Setuju | BF25: Kuning | BG25: Setuju | BH25: Tidak Setuju | BI25: Setuju | BJ25: Tidak Setuju | BK25: Tidak Setuju | BL25: Setuju | BM25: Setuju | BN25: Sangat Tidak Setuju | BO25: Setuju | BP25: Tidak Setuju | BQ25: Cukup Setuju | BR25: Cukup Tidak Setuju | BS25: Cukup Tidak Setuju | BT25: Setuju | BU25: Ungu | BV25: Setuju | BW25: Tidak Setuju | BX25: Setuju | BY25: Setuju | BZ25: Cukup Tidak Setuju | CA25: Setuju | CB25: Cukup Tidak Setuju | CC25: Cukup Setuju | CD25: Cukup Setuju | CE25: Setuju | CF25: Setuju | CG25: Setuju | CH25: Setuju | CI25: Setuju | CJ25: Setuju | CK25: Setuju | CL25: Setuju | CM25: Setuju | CN25: Setuju | CO25: Hijau | CP25: Setuju | CQ25: Setuju | CR25: Setuju | CS25: Setuju | CT25: Kadang-Kadang | CU25: Sering | CV25: Kadang-Kadang | CW25: Sering | CX25: Kadang-Kadang | CY25: Sering | CZ25: Sering | DA25: Sering | DB25: Kadang-Kadang | DC25: Kadang-Kadang | DD25: Kadang-Kadang | DE25: Kadang-Kadang | DF25: Kadang-Kadang | DG25: Jarang | DH25: Orange | DI25: Kadang-Kadang | DJ25: Jarang | DK25: Jarang | DL25: Kadang-Kadang | DM25: Kadang-Kadang | DN25: marwahiiindah@gmail.com
A26: 46249.84 | B26: Ya, saya bersedia berpartisipasi. | C26: Ya | D26: Mellany | E26: Perempuan | F26: 20 | G26: Institut Pertanian Bogor | H26: Akuntansi | I26: 3 | J26: Bodebekpunjur (Bogor, Depok, Bekasi, Puncak, Cianjur) | K26: Pinggiran Kota (Sub Urban) | L26: Kos/Kontrakan | M26: Sangat menggambarkan diri saya | N26: Menggambarkan diri saya | O26: Sangat menggambarkan diri saya | P26: Sangat menggambarkan diri saya | Q26: Cukup Menggambarkan diri saya | R26: Menggambarkan diri saya | S26: Sangat menggambarkan diri saya | T26: Sangat menggambarkan diri saya | U26: Menggambarkan diri saya | V26: Sangat menggambarkan diri saya | W26: Biru | X26: Sangat menggambarkan diri saya | Y26: Sangat menggambarkan diri saya | Z26: Sangat menggambarkan diri saya | AA26: Sangat menggambarkan diri saya | AB26: Menggambarkan diri saya | AC26: Menggambarkan diri saya | AD26: Menggambarkan diri saya | AE26: Netral | AF26: Sangat Setuju | AG26: Sangat Setuju | AH26: Setuju | AI26: Sangat Setuju | AJ26: Setuju | AK26: Sangat Setuju | AL26: Setuju | AM26: Cukup Setuju | AN26: Setuju | AO26: Setuju | AP26: Cukup Setuju | AQ26: Cukup Setuju | AR26: Cukup Tidak Setuju | AS26: Sangat Setuju | AT26: Sangat Setuju | AU26: Cukup Setuju | AV26: Hijau Tua | AW26: Setuju | AX26: Sangat Setuju | AY26: Tidak Setuju | AZ26: Setuju | BA26: Tidak Setuju | BB26: Sangat Setuju | BC26: Cukup Tidak Setuju | BD26: Setuju | BE26: Cukup Tidak Setuju | BF26: Kuning | BG26: Sangat Setuju | BH26: Tidak Setuju | BI26: Setuju | BJ26: Cukup Tidak Setuju | BK26: Cukup Tidak Setuju | BL26: Sangat Setuju | BM26: Setuju | BN26: Sangat Tidak Setuju | BO26: Sangat Setuju | BP26: Sangat Tidak Setuju | BQ26: Sangat Setuju | BR26: Tidak Setuju | BS26: Sangat Tidak Setuju | BT26: Sangat Setuju | BU26: Ungu | BV26: Setuju | BW26: Sangat Tidak Setuju | BX26: Sangat Setuju | BY26: Sangat Setuju | BZ26: Cukup Setuju | CA26: Setuju | CB26: Sangat Tidak Setuju | CC26: Tidak Setuju | CD26: Sangat Setuju | CE26: Sangat Setuju | CF26: Sangat Setuju | CG26: Sangat Setuju | CH26: Sangat Setuju | CI26: Sangat Setuju | CJ26: Sangat Setuju | CK26: Netral | CL26: Sangat Setuju | CM26: Sangat Setuju | CN26: Sangat Setuju | CO26: Hijau | CP26: Sangat Setuju | CQ26: Setuju | CR26: Setuju | CS26: Setuju | CT26: Kadang-Kadang | CU26: Selalu | CV26: Jarang | CW26: Tidak Pernah | CX26: Kadang-Kadang | CY26: Sering | CZ26: Kadang-Kadang | DA26: Kadang-Kadang | DB26: Kadang-Kadang | DC26: Kadang-Kadang | DD26: Kadang-Kadang | DE26: Kadang-Kadang | DF26: Jarang | DG26: Sering | DH26: Orange | DI26: Jarang | DJ26: Jarang | DK26: Jarang | DL26: Jarang | DM26: Kadang-Kadang | DN26: kumalawati184@gmail.com
A27: 46250.418 | B27: Ya, saya bersedia berpartisipasi. | C27: Ya | D27: V | E27: Perempuan | F27: 18 | G27: IPB | H27: Sekolah Vokasi | I27: 3 | J27: Bodebekpunjur (Bogor, Depok, Bekasi, Puncak, Cianjur) | K27: Pinggiran Kota (Sub Urban) | L27: Rumah Orang Tua/Wali | M27: Tidak Menggambarkan diri saya | N27: Cukup Tidak Menggambarkan diri saya | O27: Netral | P27: Tidak Menggambarkan diri saya | Q27: Cukup Tidak Menggambarkan diri saya | R27: Menggambarkan diri saya | S27: Cukup Menggambarkan diri saya | T27: Netral | U27: Tidak Menggambarkan diri saya | V27: Sangat menggambarkan diri saya | W27: Biru | X27: Cukup Tidak Menggambarkan diri saya | Y27: Sangat menggambarkan diri saya | Z27: Cukup Tidak Menggambarkan diri saya | AA27: Netral | AB27: Tidak Menggambarkan diri saya | AC27: Cukup Tidak Menggambarkan diri saya | AD27: Netral | AE27: Netral | AF27: Sangat Setuju | AG27: Setuju | AH27: Cukup Setuju | AI27: Setuju | AJ27: Sangat Setuju | AK27: Setuju | AL27: Cukup Tidak Setuju | AM27: Setuju | AN27: Cukup Setuju | AO27: Setuju | AP27: Cukup Tidak Setuju | AQ27: Sangat Setuju | AR27: Setuju | AS27: Setuju | AT27: Cukup Setuju | AU27: Cukup Tidak Setuju | AV27: Hijau Tua | AW27: Cukup Tidak Setuju | AX27: Sangat Setuju | AY27: Setuju | AZ27: Cukup Setuju | BA27: Tidak Setuju | BB27: Setuju | BC27: Cukup Tidak Setuju | BD27: Cukup Setuju | BE27: Cukup Tidak Setuju | BF27: Kuning | BG27: Sangat Setuju | BH27: Cukup Tidak Setuju | BI27: Tidak Setuju | BJ27: Setuju | BK27: Tidak Setuju | BL27: Cukup Tidak Setuju | BM27: Cukup Setuju | BN27: Cukup Tidak Setuju | BO27: Cukup Setuju | BP27: Tidak Setuju | BQ27: Cukup Tidak Setuju | BR27: Setuju | BS27: Setuju | BT27: Cukup Setuju | BU27: Ungu | BV27: Cukup Tidak Setuju | BW27: Cukup Tidak Setuju | BX27: Cukup Setuju | BY27: Cukup Setuju | BZ27: Setuju | CA27: Cukup Tidak Setuju | CB27: Cukup Tidak Setuju | CC27: Cukup Setuju | CD27: Cukup Setuju | CE27: Sangat Setuju | CF27: Sangat Setuju | CG27: Sangat Setuju | CH27: Sangat Setuju | CI27: Sangat Setuju | CJ27: Netral | CK27: Netral | CL27: Setuju | CM27: Setuju | CN27: Setuju | CO27: Hijau | CP27: Setuju | CQ27: Setuju | CR27: Setuju | CS27: Setuju | CT27: Kadang-Kadang | CU27: Sering | CV27: Sering | CW27: Jarang | CX27: Jarang | CY27: Kadang-Kadang | CZ27: Tidak Pernah | DA27: Tidak Pernah | DB27: Kadang-Kadang | DC27: Kadang-Kadang | DD27: Kadang-Kadang | DE27: Tidak Pernah | DF27: Tidak Pernah | DG27: Jarang | DH27: Orange | DI27: Tidak Pernah | DJ27: Jarang | DK27: Tidak Pernah | DL27: Tidak Pernah | DM27: Jarang | DN27: -
A28: 46250.447 | B28: Ya, saya bersedia berpartisipasi. | C28: Ya | D28: I | E28: Perempuan | F28: 18 | G28: IPB UNIVERSITY | H28: Sekolah vokasi | I28: 3 | J28: Sukabumi dan Sekitarnya | K28: Kota (Urban) | L28: Kos/Kontrakan | M28: Sangat menggambarkan diri saya | N28: Menggambarkan diri saya | O28: Menggambarkan diri saya | P28: Sangat menggambarkan diri saya | Q28: Netral | R28: Sangat menggambarkan diri saya | S28: Sangat menggambarkan diri saya | T28: Sangat menggambarkan diri saya | U28: Cukup Menggambarkan diri saya | V28: Sangat menggambarkan diri saya | W28: Biru | X28: Sangat menggambarkan diri saya | Y28: Sangat menggambarkan diri saya | Z28: Sangat menggambarkan diri saya | AA28: Sangat menggambarkan diri saya | AB28: Netral | AC28: Netral | AD28: Netral | AE28: Cukup Menggambarkan diri saya | AF28: Sangat Setuju | AG28: Sangat Setuju | AH28: Sangat Setuju | AI28: Sangat Setuju | AJ28: Setuju | AK28: Sangat Setuju | AL28: Sangat Setuju | AM28: Cukup Setuju | AN28: Sangat Setuju | AO28: Setuju | AP28: Cukup Setuju | AQ28: Cukup Tidak Setuju | AR28: Cukup Setuju | AS28: Setuju | AT28: Setuju | AU28: Cukup Tidak Setuju | AV28: Hijau Tua | AW28: Sangat Setuju | AX28: Sangat Setuju | AY28: Sangat Setuju | AZ28: Sangat Setuju | BA28: Sangat Setuju | BB28: Sangat Setuju | BC28: Setuju | BD28: Setuju | BE28: Setuju | BF28: Kuning | BG28: Setuju | BH28: Setuju | BI28: Setuju | BJ28: Setuju | BK28: Setuju | BL28: Setuju | BM28: Setuju | BN28: Setuju | BO28: Setuju | BP28: Setuju | BQ28: Setuju | BR28: Setuju | BS28: Setuju | BT28: Setuju | BU28: Ungu | BV28: Setuju | BW28: Setuju | BX28: Setuju | BY28: Setuju | BZ28: Setuju | CA28: Setuju | CB28: Setuju | CC28: Setuju | CD28: Setuju | CE28: Sangat Setuju | CF28: Sangat Setuju | CG28: Sangat Setuju | CH28: Sangat Setuju | CI28: Sangat Setuju | CJ28: Sangat Setuju | CK28: Setuju | CL28: Sangat Setuju | CM28: Sangat Setuju | CN28: Sangat Setuju | CO28: Hijau | CP28: Sangat Setuju | CQ28: Sangat Setuju | CR28: Sangat Setuju | CS28: Setuju | CT28: Kadang-Kadang | CU28: Selalu | CV28: Kadang-Kadang | CW28: Sering | CX28: Kadang-Kadang | CY28: Kadang-Kadang | CZ28: Jarang | DA28: Kadang-Kadang | DB28: Kadang-Kadang | DC28: Kadang-Kadang | DD28: Kadang-Kadang | DE28: Kadang-Kadang | DF28: Kadang-Kadang | DG28: Kadang-Kadang | DH28: Orange | DI28: Kadang-Kadang | DJ28: Kadang-Kadang | DK28: Kadang-Kadang | DL28: Sering | DM28: Sering | DN28: insanifazrinaa25@gmail.com/085810360965dana,spay
A29: 46250.628 | B29: Ya, saya bersedia berpartisipasi. | C29: Ya | D29: A | E29: Perempuan | F29: 19 | G29: IPB University | H29: Akuntansi | I29: 3 | J29: Bodebekpunjur (Bogor, Depok, Bekasi, Puncak, Cianjur) | K29: Kota (Urban) | L29: Kos/Kontrakan | M29: Cukup Menggambarkan diri saya | N29: Cukup Tidak Menggambarkan diri saya | O29: Menggambarkan diri saya | P29: Menggambarkan diri saya | Q29: Netral | R29: Cukup Menggambarkan diri saya | S29: Cukup Menggambarkan diri saya | T29: Menggambarkan diri saya | U29: Menggambarkan diri saya | V29: Sangat menggambarkan diri saya | W29: Biru | X29: Menggambarkan diri saya | Y29: Menggambarkan diri saya | Z29: Cukup Menggambarkan diri saya | AA29: Menggambarkan diri saya | AB29: Cukup Menggambarkan diri saya | AC29: Netral | AD29: Netral | AE29: Netral | AF29: Cukup Setuju | AG29: Cukup Setuju | AH29: Cukup Setuju | AI29: Setuju | AJ29: Cukup Setuju | AK29: Netral | AL29: Cukup Setuju | AM29: Cukup Tidak Setuju | AN29: Cukup Setuju | AO29: Cukup Setuju | AP29: Cukup Setuju | AQ29: Cukup Setuju | AR29: Cukup Setuju | AS29: Setuju | AT29: Cukup Setuju | AU29: Cukup Tidak Setuju | AV29: Hijau Tua | AW29: Setuju | AX29: Cukup Setuju | AY29: Cukup Tidak Setuju | AZ29: Setuju | BA29: Cukup Tidak Setuju | BB29: Cukup Setuju | BC29: Cukup Setuju | BD29: Cukup Setuju | BE29: Cukup Tidak Setuju | BF29: Kuning | BG29: Setuju | BH29: Cukup Setuju | BI29: Setuju | BJ29: Cukup Tidak Setuju | BK29: Cukup Setuju | BL29: Cukup Setuju | BM29: Cukup Setuju | BN29: Cukup Tidak Setuju | BO29: Setuju | BP29: Cukup Tidak Setuju | BQ29: Cukup Setuju | BR29: Cukup Setuju | BS29: Cukup Tidak Setuju | BT29: Cukup Setuju | BU29: Ungu | BV29: Cukup Setuju | BW29: Cukup Tidak Setuju | BX29: Cukup Setuju | BY29: Setuju | BZ29: Cukup Tidak Setuju | CA29: Cukup Setuju | CB29: Cukup Tidak Setuju | CC29: Cukup Setuju | CD29: Cukup Setuju | CE29: Sangat Setuju | CF29: Sangat Setuju | CG29: Sangat Setuju | CH29: Sangat Setuju | CI29: Sangat Setuju | CJ29: Sangat Setuju | CK29: Netral | CL29: Setuju | CM29: Sangat Setuju | CN29: Setuju | CO29: Hijau | CP29: Netral | CQ29: Setuju | CR29: Setuju | CS29: Sangat Setuju | CT29: Sering | CU29: Kadang-Kadang | CV29: Kadang-Kadang | CW29: Kadang-Kadang | CX29: Sering | CY29: Kadang-Kadang | CZ29: Jarang | DA29: Jarang | DB29: Sering | DC29: Sering | DD29: Kadang-Kadang | DE29: Kadang-Kadang | DF29: Jarang | DG29: Kadang-Kadang | DH29: Orange | DI29: Kadang-Kadang | DJ29: Kadang-Kadang | DK29: Jarang | DL29: Jarang | DM29: Jarang | DN29: 082289673790 (Shopeepay)
... A31: 46250.781 | B31: Ya, saya bersedia berpartisipasi. | C31: Ya | D31: S | E31: Perempuan | F31: 20 | G31: Institut Pertanian Bogor | H31: Manajemen Agribisnis | I31: 5 | J31: Bodebekpunjur (Bogor, Depok, Bekasi, Puncak, Cianjur) | K31: Pinggiran Kota (Sub Urban) | L31: Rumah Orang Tua/Wali | M31: Netral | N31: Cukup Menggambarkan diri saya | O31: Menggambarkan diri saya | P31: Cukup Menggambarkan diri saya | Q31: Netral | R31: Sangat menggambarkan diri saya | S31: Menggambarkan diri saya | T31: Menggambarkan diri saya | U31: Menggambarkan diri saya | V31: Sangat menggambarkan diri saya | W31: Biru | X31: Cukup Menggambarkan diri saya | Y31: Cukup Menggambarkan diri saya | Z31: Cukup Menggambarkan diri saya | AA31: Cukup Menggambarkan diri saya | AB31: Cukup Menggambarkan diri saya | AC31: Cukup Menggambarkan diri saya | AD31: Menggambarkan diri saya | AE31: Menggambarkan diri saya | AF31: Sangat Setuju | AG31: Setuju | AH31: Setuju | AI31: Cukup Setuju | AJ31: Cukup Setuju | AK31: Cukup Setuju | AL31: Cukup Setuju | AM31: Setuju | AN31: Cukup Tidak Setuju | AO31: Cukup Tidak Setuju | AP31: Cukup Setuju | AQ31: Cukup Tidak Setuju | AR31: Setuju | AS31: Cukup Setuju | AT31: Cukup Setuju | AU31: Cukup Setuju | AV31: Hijau Tua | AW31: Setuju | AX31: Setuju | AY31: Cukup Setuju | AZ31: Cukup Tidak Setuju | BA31: Sangat Tidak Setuju | BB31: Cukup Setuju | BC31: Cukup Tidak Setuju | BD31: Cukup Setuju | BE31: Sangat Setuju | BF31: Kuning | BG31: Sangat Setuju | BH31: Cukup Tidak Setuju | BI31: Cukup Setuju | BJ31: Cukup Tidak Setuju | BK31: Setuju | BL31: Cukup Setuju | BM31: Cukup Setuju | BN31: Cukup Setuju | BO31: Cukup Setuju | BP31: Tidak Setuju | BQ31: Cukup Setuju | BR31: Cukup Setuju | BS31: Cukup Setuju | BT31: Setuju | BU31: Ungu | BV31: Cukup Setuju | BW31: Cukup Setuju | BX31: Cukup Setuju | BY31: Cukup Setuju | BZ31: Cukup Setuju | CA31: Setuju | CB31: Cukup Setuju | CC31: Cukup Setuju | CD31: Cukup Setuju | CE31: Sangat Setuju | CF31: Sangat Setuju | CG31: Sangat Setuju | CH31: Sangat Setuju | CI31: Sangat Setuju | CJ31: Sangat Setuju | CK31: Setuju | CL31: Sangat Setuju | CM31: Sangat Setuju | CN31: Sangat Setuju | CO31: Hijau | CP31: Sangat Setuju | CQ31: Sangat Setuju | CR31: Sangat Setuju | CS31: Sangat Setuju | CT31: Kadang-Kadang | CU31: Kadang-Kadang | CV31: Sering | CW31: Kadang-Kadang | CX31: Kadang-Kadang | CY31: Kadang-Kadang | CZ31: Kadang-Kadang | DA31: Kadang-Kadang | DB31: Sering | DC31: Sering | DD31: Sering | DE31: Jarang | DF31: Kadang-Kadang | DG31: Kadang-Kadang | DH31: Orange | DI31: Kadang-Kadang | DJ31: Kadang-Kadang | DK31: Jarang | DL31: Jarang | DM31: Kadang-Kadang | DN31: mikuku30@gmail.com
A32: 46250.823 | B32: Ya, saya bersedia berpartisipasi. | C32: Ya | D32: Zahra | E32: Perempuan | F32: 21 | G32: IPB | H32: Sekolah Vokasi | I32: 5 | J32: Bodebekpunjur (Bogor, Depok, Bekasi, Puncak, Cianjur) | K32: Kota (Urban) | L32: Kos/Kontrakan | M32: Cukup Menggambarkan diri saya | N32: Netral | O32: Menggambarkan diri saya | P32: Menggambarkan diri saya | Q32: Cukup Tidak Menggambarkan diri saya | R32: Menggambarkan diri saya | S32: Cukup Menggambarkan diri saya | T32: Menggambarkan diri saya | U32: Cukup Menggambarkan diri saya | V32: Menggambarkan diri saya | W32: Biru | X32: Menggambarkan diri saya | Y32: Menggambarkan diri saya | Z32: Menggambarkan diri saya | AA32: Sangat menggambarkan diri saya | AB32: Menggambarkan diri saya | AC32: Menggambarkan diri saya | AD32: Cukup Menggambarkan diri saya | AE32: Menggambarkan diri saya | AF32: Sangat Setuju | AG32: Setuju | AH32: Cukup Setuju | AI32: Setuju | AJ32: Setuju | AK32: Setuju | AL32: Setuju | AM32: Setuju | AN32: Sangat Setuju | AO32: Setuju | AP32: Setuju | AQ32: Sangat Setuju | AR32: Sangat Setuju | AS32: Setuju | AT32: Setuju | AU32: Setuju | AV32: Hijau Tua | AW32: Setuju | AX32: Setuju | AY32: Setuju | AZ32: Setuju | BA32: Setuju | BB32: Cukup Setuju | BC32: Setuju | BD32: Setuju | BE32: Setuju | BF32: Kuning | BG32: Cukup Setuju | BH32: Setuju | BI32: Setuju | BJ32: Setuju | BK32: Setuju | BL32: Sangat Setuju | BM32: Setuju | BN32: Cukup Tidak Setuju | BO32: Sangat Setuju | BP32: Setuju | BQ32: Cukup Setuju | BR32: Cukup Tidak Setuju | BS32: Cukup Tidak Setuju | BT32: Setuju | BU32: Ungu | BV32: Cukup Setuju | BW32: Cukup Setuju | BX32: Setuju | BY32: Sangat Setuju | BZ32: Cukup Setuju | CA32: Setuju | CB32: Sangat Setuju | CC32: Sangat Setuju | CD32: Cukup Setuju | CE32: Setuju | CF32: Setuju | CG32: Setuju | CH32: Setuju | CI32: Setuju | CJ32: Setuju | CK32: Setuju | CL32: Sangat Setuju | CM32: Sangat Setuju | CN32: Sangat Setuju | CO32: Hijau | CP32: Setuju | CQ32: Setuju | CR32: Sangat Setuju | CS32: Sangat Setuju | CT32: Kadang-Kadang | CU32: Selalu | CV32: Sering | CW32: Sering | CX32: Jarang | CY32: Kadang-Kadang | CZ32: Kadang-Kadang | DA32: Kadang-Kadang | DB32: Sering | DC32: Kadang-Kadang | DD32: Sering | DE32: Sering | DF32: Kadang-Kadang | DG32: Kadang-Kadang | DH32: Orange | DI32: Sering | DJ32: Jarang | DK32: Jarang | DL32: Tidak Pernah | DM32: Jarang
A33: 46250.826 | B33: Ya, saya bersedia berpartisipasi. | C33: Ya | D33: Nunu | E33: Laki-laki | F33: 20 | G33: IPB University | H33: Sekolah Vokasi/Akuntansi | I33: 5 | J33: Bodebekpunjur (Bogor, Depok, Bekasi, Puncak, Cianjur) | K33: Kota (Urban) | L33: Kos/Kontrakan | M33: Menggambarkan diri saya | N33: Cukup Menggambarkan diri saya | O33: Menggambarkan diri saya | P33: Menggambarkan diri saya | Q33: Cukup Menggambarkan diri saya | R33: Sangat menggambarkan diri saya | S33: Sangat menggambarkan diri saya | T33: Menggambarkan diri saya | U33: Menggambarkan diri saya | V33: Menggambarkan diri saya | W33: Biru | X33: Menggambarkan diri saya | Y33: Sangat menggambarkan diri saya | Z33: Menggambarkan diri saya | AA33: Menggambarkan diri saya | AB33: Menggambarkan diri saya | AC33: Menggambarkan diri saya | AD33: Menggambarkan diri saya | AE33: Menggambarkan diri saya | AF33: Sangat Setuju | AG33: Sangat Setuju | AH33: Sangat Setuju | AI33: Sangat Setuju | AJ33: Sangat Setuju | AK33: Sangat Setuju | AL33: Setuju | AM33: Setuju | AN33: Setuju | AO33: Tidak Setuju | AP33: Cukup Setuju | AQ33: Cukup Tidak Setuju | AR33: Setuju | AS33: Setuju | AT33: Setuju | AU33: Cukup Tidak Setuju | AV33: Hijau Tua | AW33: Setuju | AX33: Cukup Tidak Setuju | AY33: Cukup Tidak Setuju | AZ33: Cukup Setuju | BA33: Tidak Setuju | BB33: Setuju | BC33: Tidak Setuju | BD33: Cukup Setuju | BE33: Tidak Setuju | BF33: Kuning | BG33: Setuju | BH33: Cukup Tidak Setuju | BI33: Setuju | BJ33: Cukup Tidak Setuju | BK33: Cukup Tidak Setuju | BL33: Setuju | BM33: Setuju | BN33: Tidak Setuju | BO33: Setuju | BP33: Cukup Tidak Setuju | BQ33: Setuju | BR33: Tidak Setuju | BS33: Cukup Tidak Setuju | BT33: Setuju | BU33: Ungu | BV33: Cukup Setuju | BW33: Tidak Setuju | BX33: Cukup Setuju | BY33: Setuju | BZ33: Cukup Setuju | CA33: Cukup Setuju | CB33: Tidak Setuju | CC33: Cukup Tidak Setuju | CD33: Cukup Setuju | CE33: Sangat Setuju | CF33: Sangat Setuju | CG33: Sangat Setuju | CH33: Sangat Setuju | CI33: Sangat Setuju | CJ33: Sangat Setuju | CK33: Setuju | CL33: Sangat Setuju | CM33: Sangat Setuju | CN33: Sangat Setuju | CO33: Hijau | CP33: Sangat Setuju | CQ33: Sangat Setuju | CR33: Sangat Setuju | CS33: Sangat Setuju | CT33: Kadang-Kadang | CU33: Sering | CV33: Sering | CW33: Sering | CX33: Sering | CY33: Sering | CZ33: Sering | DA33: Sering | DB33: Sering | DC33: Sering | DD33: Sering | DE33: Sering | DF33: Sering | DG33: Sering | DH33: Orange | DI33: Sering | DJ33: Sering | DK33: Sering | DL33: Sering | DM33: Sering | DN33: anugrahdwiputra8125@gmail.com
A34: 46250.829 | B34: Ya, saya bersedia berpartisipasi. | C34: Ya | D34: s | E34: Perempuan | F34: 20 | G34: IPB | H34: Manajemen Agribisnis SV | I34: 3 | J34: Bodebekpunjur (Bogor, Depok, Bekasi, Puncak, Cianjur) | K34: Kota (Urban) | L34: Kos/Kontrakan | M34: Cukup Menggambarkan diri saya | N34: Netral | O34: Cukup Menggambarkan diri saya | P34: Sangat menggambarkan diri saya | Q34: Tidak Menggambarkan diri saya | R34: Netral | S34: Cukup Menggambarkan diri saya | T34: Sangat menggambarkan diri saya | U34: Cukup Tidak Menggambarkan diri saya | V34: Cukup Menggambarkan diri saya | W34: Biru | X34: Sangat menggambarkan diri saya | Y34: Netral | Z34: Cukup Menggambarkan diri saya | AA34: Sangat menggambarkan diri saya | AB34: Netral | AC34: Tidak Menggambarkan diri saya | AD34: Cukup Menggambarkan diri saya | AE34: Sangat menggambarkan diri saya | AF34: Setuju | AG34: Setuju | AH34: Setuju | AI34: Sangat Setuju | AJ34: Setuju | AK34: Setuju | AL34: Setuju | AM34: Setuju | AN34: Setuju | AO34: Tidak Setuju | AP34: Cukup Setuju | AQ34: Tidak Setuju | AR34: Tidak Setuju | AS34: Setuju | AT34: Cukup Setuju | AU34: Cukup Setuju | AV34: Hijau Tua | AW34: Setuju | AX34: Setuju | AY34: Setuju | AZ34: Setuju | BA34: Setuju | BB34: Cukup Setuju | BC34: Tidak Setuju | BD34: Setuju | BE34: Setuju | BF34: Kuning | BG34: Setuju | BH34: Setuju | BI34: Setuju | BJ34: Setuju | BK34: Setuju | BL34: Cukup Setuju | BM34: Cukup Setuju | BN34: Tidak Setuju | BO34: Setuju | BP34: Tidak Setuju | BQ34: Setuju | BR34: Tidak Setuju | BS34: Sangat Setuju | BT34: Tidak Setuju | BU34: Ungu | BV34: Tidak Setuju | BW34: Cukup Setuju | BX34: Setuju | BY34: Cukup Setuju | BZ34: Cukup Setuju | CA34: Cukup Setuju | CB34: Setuju | CC34: Setuju | CD34: Setuju | CE34: Sangat Setuju | CF34: Sangat Setuju | CG34: Sangat Setuju | CH34: Sangat Setuju | CI34: Sangat Setuju | CJ34: Tidak Setuju | CK34: Netral | CL34: Netral | CM34: Setuju | CN34: Setuju | CO34: Hijau | CP34: Setuju | CQ34: Setuju | CR34: Setuju | CS34: Setuju | CT34: Tidak Pernah | CU34: Sering | CV34: Jarang | CW34: Jarang | CX34: Jarang | CY34: Tidak Pernah | CZ34: Tidak Pernah | DA34: Tidak Pernah | DB34: Tidak Pernah | DC34: Tidak Pernah | DD34: Tidak Pernah | DE34: Jarang | DF34: Kadang-Kadang | DG34: Tidak Pernah | DH34: Orange | DI34: Kadang-Kadang | DJ34: Tidak Pernah | DK34: Tidak Pernah | DL34: Tidak Pernah | DM34: Tidak Pernah | DN34: salueue@gmail.com/dana 085156602945
A35: 46250.831 | B35: Ya, saya bersedia berpartisipasi. | C35: Ya | D35: Dzaalika Fakhila | E35: Perempuan | F35: 20 | G35: IPB University | H35: Manajemen Agribisnis | I35: 3 | J35: Bodebekpunjur (Bogor, Depok, Bekasi, Puncak, Cianjur) | K35: Pinggiran Kota (Sub Urban) | L35: Rumah Orang Tua/Wali | M35: Netral | N35: Cukup Tidak Menggambarkan diri saya | O35: Cukup Menggambarkan diri saya | P35: Netral | Q35: Tidak Menggambarkan diri saya | R35: Cukup Menggambarkan diri saya | S35: Cukup Menggambarkan diri saya | T35: Cukup Tidak Menggambarkan diri saya | U35: Tidak Menggambarkan diri saya | V35: Menggambarkan diri saya | W35: Biru | X35: Netral | Y35: Cukup Menggambarkan diri saya | Z35: Netral | AA35: Netral | AB35: Tidak Menggambarkan diri saya | AC35: Tidak Menggambarkan diri saya | AD35: Cukup Menggambarkan diri saya | AE35: Sangat tidak menggambarkan diri saya | AF35: Setuju | AG35: Setuju | AH35: Netral | AI35: Setuju | AJ35: Setuju | AK35: Cukup Setuju | AL35: Cukup Setuju | AM35: Setuju | AN35: Sangat Setuju | AO35: Setuju | AP35: Setuju | AQ35: Tidak Setuju | AR35: Cukup Setuju | AS35: Setuju | AT35: Setuju | AU35: Cukup Tidak Setuju | AV35: Hijau Tua | AW35: Setuju | AX35: Setuju | AY35: Cukup Tidak Setuju | AZ35: Setuju | BA35: Setuju | BB35: Setuju | BC35: Cukup Tidak Setuju | BD35: Cukup Setuju | BE35: Cukup Tidak Setuju | BF35: Kuning | BG35: Setuju | BH35: Tidak Setuju | BI35: Cukup Setuju | BJ35: Tidak Setuju | BK35: Tidak Setuju | BL35: Sangat Tidak Setuju | BM35: Sangat Setuju | BN35: Cukup Setuju | BO35: Cukup Tidak Setuju | BP35: Sangat Tidak Setuju | BQ35: Setuju | BR35: Cukup Setuju | BS35: Sangat Tidak Setuju | BT35: Sangat Setuju | BU35: Ungu | BV35: Setuju | BW35: Cukup Tidak Setuju | BX35: Setuju | BY35: Cukup Setuju | BZ35: Sangat Setuju | CA35: Cukup Tidak Setuju | CB35: Cukup Tidak Setuju | CC35: Cukup Setuju | CD35: Setuju | CE35: Sangat Setuju | CF35: Setuju | CG35: Sangat Setuju | CH35: Sangat Setuju | CI35: Sangat Setuju | CJ35: Setuju | CK35: Setuju | CL35: Setuju | CM35: Setuju | CN35: Setuju | CO35: Hijau | CP35: Setuju | CQ35: Setuju | CR35: Setuju | CS35: Setuju | CT35: Jarang | CU35: Selalu | CV35: Sering | CW35: Sering | CX35: Jarang | CY35: Kadang-Kadang | CZ35: Kadang-Kadang | DA35: Kadang-Kadang | DB35: Sering | DC35: Kadang-Kadang | DD35: Sering | DE35: Sering | DF35: Sering | DG35: Tidak Pernah | DH35: Orange | DI35: Kadang-Kadang | DJ35: Kadang-Kadang | DK35: Jarang | DL35: Jarang | DM35: Sering | DN35: fakhiladzaalikaa@gmail.com
A36: 46250.835 | B36: Ya, saya bersedia berpartisipasi. | C36: Ya | D36: TS | E36: Perempuan | F36: 19 | G36: IPB | H36: Manajemen Agribisnis | I36: 5 | J36: Bodebekpunjur (Bogor, Depok, Bekasi, Puncak, Cianjur) | K36: Pinggiran Kota (Sub Urban) | L36: Rumah Orang Tua/Wali | M36: Netral | N36: Cukup Menggambarkan diri saya | O36: Menggambarkan diri saya | P36: Cukup Menggambarkan diri saya | Q36: Tidak Menggambarkan diri saya | R36: Sangat menggambarkan diri saya | S36: Sangat menggambarkan diri saya | T36: Sangat menggambarkan diri saya | U36: Netral | V36: Cukup Menggambarkan diri saya | W36: Biru | X36: Cukup Menggambarkan diri saya | Y36: Menggambarkan diri saya | Z36: Cukup Menggambarkan diri saya | AA36: Cukup Menggambarkan diri saya | AB36: Netral | AC36: Cukup Tidak Menggambarkan diri saya | AD36: Menggambarkan diri saya | AE36: Netral | AF36: Sangat Setuju | AG36: Setuju | AH36: Netral | AI36: Sangat Setuju | AJ36: Cukup Setuju | AK36: Sangat Setuju | AL36: Setuju | AM36: Cukup Tidak Setuju | AN36: Cukup Tidak Setuju | AO36: Cukup Setuju | AP36: Cukup Tidak Setuju | AQ36: Sangat Tidak Setuju | AR36: Setuju | AS36: Sangat Setuju | AT36: Sangat Setuju | AU36: Sangat Setuju | AV36: Hijau Tua | AW36: Cukup Setuju | AX36: Setuju | AY36: Sangat Setuju | AZ36: Tidak Setuju | BA36: Sangat Tidak Setuju | BB36: Cukup Setuju | BC36: Sangat Setuju | BD36: Tidak Setuju | BE36: Cukup Setuju | BF36: Kuning | BG36: Setuju | BH36: Cukup Setuju | BI36: Cukup Tidak Setuju | BJ36: Cukup Setuju | BK36: Setuju | BL36: Sangat Tidak Setuju | BM36: Cukup Setuju | BN36: Cukup Setuju | BO36: Setuju | BP36: Cukup Tidak Setuju | BQ36: Tidak Setuju | BR36: Setuju | BS36: Sangat Setuju | BT36: Cukup Setuju | BU36: Ungu | BV36: Cukup Setuju | BW36: Setuju | BX36: Cukup Tidak Setuju | BY36: Cukup Setuju | BZ36: Sangat Setuju | CA36: Cukup Tidak Setuju | CB36: Sangat Setuju | CC36: Sangat Setuju | CD36: Cukup Tidak Setuju | CE36: Sangat Setuju | CF36: Netral | CG36: Netral | CH36: Sangat Setuju | CI36: Sangat Setuju | CJ36: Sangat Setuju | CK36: Setuju | CL36: Setuju | CM36: Sangat Setuju | CN36: Tidak Setuju | CO36: Hijau | CP36: Sangat Setuju | CQ36: Setuju | CR36: Sangat Setuju | CS36: Sangat Setuju | CT36: Tidak Pernah | CU36: Kadang-Kadang | CV36: Jarang | CW36: Jarang | CX36: Tidak Pernah | CY36: Sering | CZ36: Kadang-Kadang | DA36: Tidak Pernah | DB36: Sering | DC36: Kadang-Kadang | DD36: Kadang-Kadang | DE36: Jarang | DF36: Kadang-Kadang | DG36: Sering | DH36: Orange | DI36: Kadang-Kadang | DJ36: Tidak Pernah | DK36: Jarang | DL36: Jarang | DM36: Tidak Pernah | DN36: tiascahyar151006@gmail.com
A37: 46250.843 | B37: Ya, saya bersedia berpartisipasi. | C37: Ya | D37: AZF | E37: Perempuan | F37: 21 | G37: Institut Pertanian Bogor | H37: Sekolah Vokasi (Manajemen Industri) | I37: 5 | J37: Bodebekpunjur (Bogor, Depok, Bekasi, Puncak, Cianjur) | K37: Kota (Urban) | L37: Rumah Orang Tua/Wali | M37: Cukup Tidak Menggambarkan diri saya | N37: Netral | O37: Sangat menggambarkan diri saya | P37: Cukup Menggambarkan diri saya | Q37: Netral | R37: Menggambarkan diri saya | S37: Sangat menggambarkan diri saya | T37: Sangat menggambarkan diri saya | U37: Cukup Menggambarkan diri saya | V37: Netral | W37: Biru | X37: Menggambarkan diri saya | Y37: Menggambarkan diri saya | Z37: Menggambarkan diri saya | AA37: Sangat menggambarkan diri saya | AB37: Menggambarkan diri saya | AC37: Cukup Menggambarkan diri saya | AD37: Menggambarkan diri saya | AE37: Menggambarkan diri saya | AF37: Sangat Setuju | AG37: Setuju | AH37: Netral | AI37: Sangat Setuju | AJ37: Sangat Setuju | AK37: Sangat Setuju | AL37: Cukup Setuju | AM37: Setuju | AN37: Setuju | AO37: Cukup Tidak Setuju | AP37: Cukup Setuju | AQ37: Setuju | AR37: Setuju | AS37: Sangat Setuju | AT37: Setuju | AU37: Sangat Setuju | AV37: Hijau Tua | AW37: Setuju | AX37: Tidak Setuju | AY37: Cukup Setuju | AZ37: Cukup Setuju | BA37: Sangat Tidak Setuju | BB37: Setuju | BC37: Cukup Tidak Setuju | BD37: Setuju | BE37: Sangat Setuju | BF37: Kuning | BG37: Sangat Setuju | BH37: Cukup Setuju | BI37: Cukup Setuju | BJ37: Sangat Setuju | BK37: Sangat Setuju | BL37: Cukup Setuju | BM37: Setuju | BN37: Cukup Tidak Setuju | BO37: Setuju | BP37: Cukup Setuju | BQ37: Cukup Setuju | BR37: Tidak Setuju | BS37: Cukup Setuju | BT37: Cukup Setuju | BU37: Ungu | BV37: Setuju | BW37: Sangat Setuju | BX37: Cukup Setuju | BY37: Cukup Setuju | BZ37: Setuju | CA37: Cukup Setuju | CB37: Cukup Setuju | CC37: Setuju | CD37: Cukup Tidak Setuju | CE37: Sangat Setuju | CF37: Setuju | CG37: Setuju | CH37: Setuju | CI37: Setuju | CJ37: Setuju | CK37: Netral | CL37: Setuju | CM37: Setuju | CN37: Setuju | CO37: Hijau | CP37: Setuju | CQ37: Sangat Setuju | CR37: Sangat Setuju | CS37: Sangat Setuju | CT37: Jarang | CU37: Sering | CV37: Sering | CW37: Sering | CX37: Kadang-Kadang | CY37: Kadang-Kadang | CZ37: Sering | DA37: Sering | DB37: Kadang-Kadang | DC37: Sering | DD37: Selalu | DE37: Kadang-Kadang | DF37: Kadang-Kadang | DG37: Kadang-Kadang | DH37: Orange | DI37: Kadang-Kadang | DJ37: Kadang-Kadang | DK37: Kadang-Kadang | DL37: Kadang-Kadang | DM37: Kadang-Kadang | DN37: zahrafd_alya@apps.ipb.ac.id
A38: 46250.958 | B38: Ya, saya bersedia berpartisipasi. | C38: Ya | D38: MZ | E38: Perempuan | F38: 19 | G38: IPB | H38: akuntansi | I38: 3 | J38: Bodebekpunjur (Bogor, Depok, Bekasi, Puncak, Cianjur) | K38: Kota (Urban) | L38: Rumah Orang Tua/Wali | M38: Cukup Menggambarkan diri saya | N38: Menggambarkan diri saya | O38: Menggambarkan diri saya | P38: Cukup Menggambarkan diri saya | Q38: Menggambarkan diri saya | R38: Menggambarkan diri saya | S38: Sangat menggambarkan diri saya | T38: Sangat menggambarkan diri saya | U38: Menggambarkan diri saya | V38: Menggambarkan diri saya | W38: Biru | X38: Cukup Menggambarkan diri saya | Y38: Menggambarkan diri saya | Z38: Cukup Menggambarkan diri saya | AA38: Sangat menggambarkan diri saya | AB38: Menggambarkan diri saya | AC38: Menggambarkan diri saya | AD38: Menggambarkan diri saya | AE38: Menggambarkan diri saya | AF38: Sangat Setuju | AG38: Cukup Setuju | AH38: Setuju | AI38: Setuju | AJ38: Setuju | AK38: Setuju | AL38: Setuju | AM38: Setuju | AN38: Cukup Tidak Setuju | AO38: Cukup Tidak Setuju | AP38: Cukup Setuju | AQ38: Cukup Tidak Setuju | AR38: Cukup Setuju | AS38: Cukup Setuju | AT38: Cukup Tidak Setuju | AU38: Cukup Tidak Setuju | AV38: Hijau Tua | AW38: Cukup Setuju | AX38: Cukup Setuju | AY38: Cukup Tidak Setuju | AZ38: Cukup Setuju | BA38: Tidak Setuju | BB38: Setuju | BC38: Cukup Tidak Setuju | BD38: Cukup Setuju | BE38: Cukup Setuju | BF38: Kuning | BG38: Setuju | BH38: Cukup Tidak Setuju | BI38: Cukup Setuju | BJ38: Cukup Tidak Setuju | BK38: Tidak Setuju | BL38: Setuju | BM38: Setuju | BN38: Tidak Setuju | BO38: Setuju | BP38: Tidak Setuju | BQ38: Cukup Setuju | BR38: Tidak Setuju | BS38: Cukup Tidak Setuju | BT38: Cukup Setuju | BU38: Ungu | BV38: Cukup Setuju | BW38: Tidak Setuju | BX38: Cukup Setuju | BY38: Cukup Setuju | BZ38: Cukup Setuju | CA38: Setuju | CB38: Cukup Setuju | CC38: Cukup Tidak Setuju | CD38: Cukup Setuju | CE38: Sangat Setuju | CF38: Sangat Setuju | CG38: Sangat Setuju | CH38: Sangat Setuju | CI38: Sangat Setuju | CJ38: Sangat Setuju | CK38: Setuju | CL38: Sangat Setuju | CM38: Sangat Setuju | CN38: Sangat Setuju | CO38: Hijau | CP38: Sangat Setuju | CQ38: Sangat Setuju | CR38: Sangat Setuju | CS38: Sangat Setuju | CT38: Jarang | CU38: Selalu | CV38: Kadang-Kadang | CW38: Sering | CX38: Tidak Pernah | CY38: Jarang | CZ38: Tidak Pernah | DA38: Tidak Pernah | DB38: Sering | DC38: Sering | DD38: Kadang-Kadang | DE38: Tidak Pernah | DF38: Tidak Pernah | DG38: Jarang | DH38: Orange | DI38: Tidak Pernah | DJ38: Tidak Pernah | DK38: Tidak Pernah | DL38: Tidak Pernah | DM38: Kadang-Kadang | DN38: mzurisha@gmail.com
A39: 46251.146 | B39: Ya, saya bersedia berpartisipasi. | C39: Ya | D39: Aulia | E39: Perempuan | F39: 20 | G39: IPB University | H39: Sekolah Vokasi/Manajemen Industri | I39: 5 | J39: Bodebekpunjur (Bogor, Depok, Bekasi, Puncak, Cianjur) | K39: Kota (Urban) | L39: Rumah Orang Tua/Wali | M39: Cukup Menggambarkan diri saya | N39: Cukup Menggambarkan diri saya | O39: Menggambarkan diri saya | P39: Menggambarkan diri saya | Q39: Netral | R39: Sangat menggambarkan diri saya | S39: Menggambarkan diri saya | T39: Cukup Menggambarkan diri saya | U39: Cukup Menggambarkan diri saya | V39: Cukup Menggambarkan diri saya | W39: Biru | X39: Cukup Menggambarkan diri saya | Y39: Menggambarkan diri saya | Z39: Netral | AA39: Cukup Menggambarkan diri saya | AB39: Cukup Tidak Menggambarkan diri saya | AC39: Cukup Tidak Menggambarkan diri saya | AD39: Menggambarkan diri saya | AE39: Cukup Menggambarkan diri saya | AF39: Sangat Setuju | AG39: Sangat Setuju | AH39: Cukup Setuju | AI39: Sangat Setuju | AJ39: Setuju | AK39: Setuju | AL39: Cukup Setuju | AM39: Cukup Setuju | AN39: Cukup Setuju | AO39: Cukup Setuju | AP39: Cukup Tidak Setuju | AQ39: Cukup Setuju | AR39: Tidak Setuju | AS39: Cukup Tidak Setuju | AT39: Sangat Setuju | AU39: Cukup Setuju | AV39: Hijau Tua | AW39: Setuju | AX39: Setuju | AY39: Sangat Setuju | AZ39: Cukup Tidak Setuju | BA39: Tidak Setuju | BB39: Setuju | BC39: Sangat Setuju | BD39: Cukup Setuju | BE39: Cukup Setuju | BF39: Kuning | BG39: Sangat Setuju | BH39: Sangat Tidak Setuju | BI39: Cukup Tidak Setuju | BJ39: Cukup Setuju | BK39: Setuju | BL39: Cukup Tidak Setuju | BM39: Cukup Setuju | BN39: Cukup Setuju | BO39: Cukup Setuju | BP39: Sangat Tidak Setuju | BQ39: Setuju | BR39: Cukup Setuju | BS39: Cukup Setuju | BT39: Setuju | BU39: Ungu | BV39: Cukup Setuju | BW39: Sangat Setuju | BX39: Cukup Tidak Setuju | BY39: Cukup Setuju | BZ39: Cukup Setuju | CA39: Cukup Tidak Setuju | CB39: Cukup Setuju | CC39: Setuju | CD39: Cukup Tidak Setuju | CE39: Sangat Setuju | CF39: Sangat Setuju | CG39: Sangat Setuju | CH39: Sangat Setuju | CI39: Sangat Setuju | CJ39: Sangat Setuju | CK39: Sangat Setuju | CL39: Sangat Setuju | CM39: Sangat Setuju | CN39: Netral | CO39: Hijau | CP39: Setuju | CQ39: Tidak Setuju | CR39: Tidak Setuju | CS39: Netral | CT39: Jarang | CU39: Selalu | CV39: Sering | CW39: Selalu | CX39: Tidak Pernah | CY39: Kadang-Kadang | CZ39: Kadang-Kadang | DA39: Kadang-Kadang | DB39: Kadang-Kadang | DC39: Kadang-Kadang | DD39: Sering | DE39: Tidak Pernah | DF39: Tidak Pernah | DG39: Kadang-Kadang | DH39: Orange | DI39: Kadang-Kadang | DJ39: Jarang | DK39: Tidak Pernah | DL39: Tidak Pernah | DM39: Jarang | DN39: 083184925048
A40: 46251.289 | B40: Ya, saya bersedia berpartisipasi. | C40: Ya | D40: N | E40: Perempuan | F40: 19 | G40: IPB University | H40: Sekolah Vokasi/Akuntansi | I40: 3 | J40: Bodebekpunjur (Bogor, Depok, Bekasi, Puncak, Cianjur) | K40: Kota (Urban) | L40: Kos/Kontrakan | M40: Menggambarkan diri saya | N40: Cukup Menggambarkan diri saya | O40: Cukup Menggambarkan diri saya | P40: Menggambarkan diri saya | Q40: Cukup Tidak Menggambarkan diri saya | R40: Menggambarkan diri saya | S40: Sangat menggambarkan diri saya | T40: Netral | U40: Cukup Menggambarkan diri saya | V40: Sangat menggambarkan diri saya | W40: Biru | X40: Sangat menggambarkan diri saya | Y40: Menggambarkan diri saya | Z40: Menggambarkan diri saya | AA40: Cukup Menggambarkan diri saya | AB40: Netral | AC40: Cukup Menggambarkan diri saya | AD40: Netral | AE40: Cukup Tidak Menggambarkan diri saya | AF40: Setuju | AG40: Setuju | AH40: Setuju | AI40: Cukup Setuju | AJ40: Setuju | AK40: Cukup Setuju | AL40: Cukup Tidak Setuju | AM40: Cukup Tidak Setuju | AN40: Setuju | AO40: Setuju | AP40: Cukup Tidak Setuju | AQ40: Sangat Setuju | AR40: Setuju | AS40: Cukup Setuju | AT40: Cukup Setuju | AU40: Tidak Setuju | AV40: Hijau Tua | AW40: Sangat Setuju | AX40: Cukup Setuju | AY40: Cukup Tidak Setuju | AZ40: Setuju | BA40: Tidak Setuju | BB40: Setuju | BC40: Setuju | BD40: Cukup Tidak Setuju | BE40: Setuju | BF40: Kuning | BG40: Setuju | BH40: Sangat Tidak Setuju | BI40: Setuju | BJ40: Tidak Setuju | BK40: Tidak Setuju | BL40: Setuju | BM40: Setuju | BN40: Tidak Setuju | BO40: Setuju | BP40: Sangat Tidak Setuju | BQ40: Cukup Setuju | BR40: Tidak Setuju | BS40: Tidak Setuju | BT40: Setuju | BU40: Ungu | BV40: Setuju | BW40: Setuju | BX40: Cukup Tidak Setuju | BY40: Cukup Setuju | BZ40: Sangat Setuju | CA40: Setuju | CB40: Cukup Setuju | CC40: Cukup Setuju | CD40: Cukup Setuju | CE40: Sangat Setuju | CF40: Sangat Setuju | CG40: Sangat Setuju | CH40: Sangat Setuju | CI40: Sangat Setuju | CJ40: Sangat Setuju | CK40: Sangat Setuju | CL40: Sangat Setuju | CM40: Sangat Setuju | CN40: Sangat Setuju | CO40: Hijau | CP40: Sangat Setuju | CQ40: Sangat Setuju | CR40: Sangat Setuju | CS40: Sangat Setuju | CT40: Jarang | CU40: Selalu | CV40: Jarang | CW40: Kadang-Kadang | CX40: Jarang | CY40: Kadang-Kadang | CZ40: Tidak Pernah | DA40: Jarang | DB40: Jarang | DC40: Kadang-Kadang | DD40: Sering | DE40: Tidak Pernah | DF40: Tidak Pernah | DG40: Jarang | DH40: Orange | DI40: Jarang | DJ40: Tidak Pernah | DK40: Tidak Pernah | DL40: Tidak Pernah | DM40: Jarang | DN40: nurzaharaninaiyila@gmail.com
A41: 46251.36 | B41: Ya, saya bersedia berpartisipasi. | C41: Ya | D41: MFA | E41: Laki-laki | F41: 19 | G41: IPB | H41: MNI | I41: 3 | J41: Bodebekpunjur (Bogor, Depok, Bekasi, Puncak, Cianjur) | K41: Kota (Urban) | L41: Rumah Orang Tua/Wali | M41: Cukup Menggambarkan diri saya | N41: Cukup Menggambarkan diri saya | O41: Sangat menggambarkan diri saya | P41: Sangat menggambarkan diri saya | Q41: Netral | R41: Sangat menggambarkan diri saya | S41: Sangat menggambarkan diri saya | T41: Sangat menggambarkan diri saya | U41: Sangat menggambarkan diri saya | V41: Sangat menggambarkan diri saya | W41: Biru | X41: Sangat menggambarkan diri saya | Y41: Menggambarkan diri saya | Z41: Sangat menggambarkan diri saya | AA41: Sangat menggambarkan diri saya | AB41: Cukup Menggambarkan diri saya | AC41: Sangat menggambarkan diri saya | AD41: Cukup Menggambarkan diri saya | AE41: Cukup Tidak Menggambarkan diri saya | AF41: Sangat Setuju | AG41: Cukup Setuju | AH41: Netral | AI41: Cukup Setuju | AJ41: Sangat Setuju | AK41: Sangat Setuju | AL41: Cukup Setuju | AM41: Cukup Tidak Setuju | AN41: Sangat Setuju | AO41: Sangat Setuju | AP41: Cukup Setuju | AQ41: Sangat Setuju | AR41: Sangat Setuju | AS41: Sangat Setuju | AT41: Sangat Setuju | AU41: Cukup Setuju | AV41: Hijau Tua | AW41: Sangat Setuju | AX41: Sangat Setuju | AY41: Setuju | AZ41: Cukup Setuju | BA41: Sangat Tidak Setuju | BB41: Sangat Setuju | BC41: Setuju | BD41: Setuju | BE41: Cukup Tidak Setuju | BF41: Kuning | BG41: Sangat Setuju | BH41: Cukup Tidak Setuju | BI41: Setuju | BJ41: Sangat Tidak Setuju | BK41: Setuju | BL41: Sangat Setuju | BM41: Cukup Setuju | BN41: Cukup Setuju | BO41: Setuju | BP41: Sangat Setuju | BQ41: Sangat Setuju | BR41: Sangat Tidak Setuju | BS41: Sangat Tidak Setuju | BT41: Sangat Setuju | BU41: Ungu | BV41: Sangat Setuju | BW41: Sangat Tidak Setuju | BX41: Sangat Setuju | BY41: Sangat Setuju | BZ41: Sangat Tidak Setuju | CA41: Sangat Setuju | CB41: Sangat Tidak Setuju | CC41: Setuju | CD41: Sangat Setuju | CE41: Sangat Setuju | CF41: Sangat Setuju | CG41: Sangat Setuju | CH41: Sangat Setuju | CI41: Sangat Setuju | CJ41: Sangat Setuju | CK41: Sangat Setuju | CL41: Sangat Setuju | CM41: Sangat Setuju | CN41: Sangat Setuju | CO41: Hijau | CP41: Netral | CQ41: Netral | CR41: Sangat Setuju | CS41: Sangat Setuju | CT41: Sering | CU41: Sering | CV41: Kadang-Kadang | CW41: Sering | CX41: Jarang | CY41: Jarang | CZ41: Jarang | DA41: Jarang | DB41: Kadang-Kadang | DC41: Kadang-Kadang | DD41: Kadang-Kadang | DE41: Kadang-Kadang | DF41: Jarang | DG41: Jarang | DH41: Orange | DI41: Jarang | DJ41: Tidak Pernah | DK41: Jarang | DL41: Kadang-Kadang | DM41: Kadang-Kadang | DN41: cisaent61@gmail.com
A42: 46251.476 | B42: Ya, saya bersedia berpartisipasi. | C42: Ya | D42: Segar Ditho | E42: Laki-laki | F42: 19 | G42: IPB University | H42: Akuntansi | I42: 3 | J42: Bodebekpunjur (Bogor, Depok, Bekasi, Puncak, Cianjur) | K42: Kota (Urban) | L42: Kos/Kontrakan | M42: Menggambarkan diri saya | N42: Cukup Menggambarkan diri saya | O42: Cukup Menggambarkan diri saya | P42: Menggambarkan diri saya | Q42: Netral | R42: Cukup Menggambarkan diri saya | S42: Cukup Menggambarkan diri saya | T42: Menggambarkan diri saya | U42: Netral | V42: Netral | W42: Biru | X42: Cukup Menggambarkan diri saya | Y42: Menggambarkan diri saya | Z42: Menggambarkan diri saya | AA42: Menggambarkan diri saya | AB42: Menggambarkan diri saya | AC42: Menggambarkan diri saya | AD42: Menggambarkan diri saya | AE42: Netral | AF42: Setuju | AG42: Cukup Setuju | AH42: Cukup Setuju | AI42: Setuju | AJ42: Setuju | AK42: Setuju | AL42: Tidak Setuju | AM42: Cukup Tidak Setuju | AN42: Tidak Setuju | AO42: Cukup Tidak Setuju | AP42: Setuju | AQ42: Cukup Tidak Setuju | AR42: Cukup Setuju | AS42: Cukup Setuju | AT42: Cukup Tidak Setuju | AU42: Cukup Tidak Setuju | AV42: Hijau Tua | AW42: Setuju | AX42: Cukup Setuju | AY42: Cukup Setuju | AZ42: Cukup Setuju | BA42: Sangat Tidak Setuju | BB42: Setuju | BC42: Tidak Setuju | BD42: Sangat Setuju | BE42: Tidak Setuju | BF42: Kuning | BG42: Setuju | BH42: Tidak Setuju | BI42: Cukup Setuju | BJ42: Tidak Setuju | BK42: Cukup Tidak Setuju | BL42: Setuju | BM42: Setuju | BN42: Tidak Setuju | BO42: Setuju | BP42: Cukup Tidak Setuju | BQ42: Cukup Setuju | BR42: Sangat Tidak Setuju | BS42: Tidak Setuju | BT42: Setuju | BU42: Ungu | BV42: Cukup Setuju | BW42: Tidak Setuju | BX42: Setuju | BY42: Cukup Setuju | BZ42: Cukup Tidak Setuju | CA42: Cukup Setuju | CB42: Cukup Tidak Setuju | CC42: Cukup Tidak Setuju | CD42: Cukup Setuju | CE42: Sangat Setuju | CF42: Sangat Setuju | CG42: Sangat Setuju | CH42: Sangat Setuju | CI42: Sangat Setuju | CJ42: Sangat Setuju | CK42: Sangat Setuju | CL42: Sangat Setuju | CM42: Sangat Setuju | CN42: Sangat Setuju | CO42: Hijau | CP42: Sangat Setuju | CQ42: Sangat Setuju | CR42: Sangat Setuju | CS42: Sangat Setuju | CT42: Kadang-Kadang | CU42: Sering | CV42: Kadang-Kadang | CW42: Sering | CX42: Kadang-Kadang | CY42: Sering | CZ42: Jarang | DA42: Jarang | DB42: Kadang-Kadang | DC42: Kadang-Kadang | DD42: Kadang-Kadang | DE42: Kadang-Kadang | DF42: Kadang-Kadang | DG42: Jarang | DH42: Orange | DI42: Jarang | DJ42: Jarang | DK42: Jarang | DL42: Jarang | DM42: Kadang-Kadang | DN42: Gopay - 082260583742
A43: 46251.52 | B43: Ya, saya bersedia berpartisipasi. | C43: Ya | D43: APS | E43: Perempuan | F43: 21 | G43: Unisba | H43: psikologi | I43: 7 | J43: Cekungan Bandung (Kota Bandung, Kab. Bandung, Bandung Barat, Cimahi, Sumedang) | K43: Kota (Urban) | L43: Rumah Orang Tua/Wali | M43: Cukup Menggambarkan diri saya | N43: Cukup Menggambarkan diri saya | O43: Menggambarkan diri saya | P43: Sangat menggambarkan diri saya | Q43: Netral | R43: Menggambarkan diri saya | S43: Cukup Menggambarkan diri saya | T43: Menggambarkan diri saya | U43: Sangat menggambarkan diri saya | V43: Menggambarkan diri saya | W43: Biru | X43: Menggambarkan diri saya | Y43: Menggambarkan diri saya | Z43: Menggambarkan diri saya | AA43: Menggambarkan diri saya | AB43: Cukup Menggambarkan diri saya | AC43: Cukup Menggambarkan diri saya | AD43: Cukup Menggambarkan diri saya | AE43: Netral | AF43: Cukup Setuju | AG43: Setuju | AH43: Setuju | AI43: Cukup Setuju | AJ43: Cukup Setuju | AK43: Setuju | AL43: Sangat Setuju | AM43: Setuju | AN43: Cukup Tidak Setuju | AO43: Cukup Tidak Setuju | AP43: Setuju | AQ43: Cukup Tidak Setuju | AR43: Cukup Setuju | AS43: Sangat Setuju | AT43: Tidak Setuju | AU43: Sangat Tidak Setuju | AV43: Hijau Tua | AW43: Setuju | AX43: Tidak Setuju | AY43: Tidak Setuju | AZ43: Sangat Setuju | BA43: Sangat Tidak Setuju | BB43: Setuju | BC43: Sangat Tidak Setuju | BD43: Sangat Setuju | BE43: Sangat Tidak Setuju | BF43: Kuning | BG43: Sangat Setuju | BH43: Sangat Tidak Setuju | BI43: Sangat Setuju | BJ43: Sangat Tidak Setuju | BK43: Sangat Tidak Setuju | BL43: Sangat Setuju | BM43: Sangat Setuju | BN43: Sangat Tidak Setuju | BO43: Sangat Setuju | BP43: Tidak Setuju | BQ43: Setuju | BR43: Sangat Tidak Setuju | BS43: Sangat Tidak Setuju | BT43: Sangat Setuju | BU43: Ungu | BV43: Sangat Setuju | BW43: Sangat Tidak Setuju | BX43: Sangat Setuju | BY43: Sangat Setuju | BZ43: Cukup Setuju | CA43: Setuju | CB43: Tidak Setuju | CC43: Cukup Tidak Setuju | CD43: Setuju | CE43: Sangat Setuju | CF43: Sangat Setuju | CG43: Sangat Setuju | CH43: Sangat Setuju | CI43: Sangat Setuju | CJ43: Setuju | CK43: Setuju | CL43: Setuju | CM43: Setuju | CN43: Setuju | CO43: Hijau | CP43: Setuju | CQ43: Setuju | CR43: Setuju | CS43: Setuju | CT43: Sering | CU43: Selalu | CV43: Sering | CW43: Sering | CX43: Sering | CY43: Kadang-Kadang | CZ43: Jarang | DA43: Kadang-Kadang | DB43: Kadang-Kadang | DC43: Sering | DD43: Sering | DE43: Tidak Pernah | DF43: Kadang-Kadang | DG43: Kadang-Kadang | DH43: Orange | DI43: Kadang-Kadang | DJ43: Jarang | DK43: Jarang | DL43: Tidak Pernah | DM43: Tidak Pernah | DN43: 085179793075
A44: 46251.533 | B44: Ya, saya bersedia berpartisipasi. | C44: Ya | D44: m | E44: Perempuan | F44: 19 | G44: UIN Sunan Gunung Djati Bandung | H44: psikologi | I44: 3 | J44: Priangan Timur dan Pangandaran (Tasikmalaya, Garut, Ciamis, Banjar, Pangandaran) | K44: Pedesaaan (Rural) | L44: Kos/Kontrakan | M44: Netral | N44: Netral | O44: Cukup Menggambarkan diri saya | P44: Menggambarkan diri saya | Q44: Netral | R44: Cukup Menggambarkan diri saya | S44: Cukup Menggambarkan diri saya | T44: Menggambarkan diri saya | U44: Cukup Menggambarkan diri saya | V44: Cukup Menggambarkan diri saya | W44: Biru | X44: Menggambarkan diri saya | Y44: Cukup Menggambarkan diri saya | Z44: Menggambarkan diri saya | AA44: Menggambarkan diri saya | AB44: Cukup Menggambarkan diri saya | AC44: Cukup Menggambarkan diri saya | AD44: Cukup Menggambarkan diri saya | AE44: Netral | AF44: Setuju | AG44: Setuju | AH44: Setuju | AI44: Setuju | AJ44: Netral | AK44: Cukup Setuju | AL44: Cukup Setuju | AM44: Cukup Setuju | AN44: Cukup Setuju | AO44: Cukup Setuju | AP44: Cukup Setuju | AQ44: Setuju | AR44: Setuju | AS44: Setuju | AT44: Cukup Setuju | AU44: Cukup Tidak Setuju | AV44: Hijau Tua | AW44: Cukup Setuju | AX44: Cukup Setuju | AY44: Cukup Tidak Setuju | AZ44: Cukup Setuju | BA44: Tidak Setuju | BB44: Setuju | BC44: Cukup Setuju | BD44: Setuju | BE44: Cukup Tidak Setuju | BF44: Kuning | BG44: Sangat Setuju | BH44: Tidak Setuju | BI44: Setuju | BJ44: Cukup Setuju | BK44: Cukup Tidak Setuju | BL44: Cukup Setuju | BM44: Cukup Setuju | BN44: Cukup Tidak Setuju | BO44: Setuju | BP44: Sangat Tidak Setuju | BQ44: Cukup Setuju | BR44: Tidak Setuju | BS44: Cukup Setuju | BT44: Setuju | BU44: Ungu | BV44: Cukup Setuju | BW44: Cukup Setuju | BX44: Cukup Setuju | BY44: Cukup Setuju | BZ44: Cukup Tidak Setuju | CA44: Cukup Setuju | CB44: Cukup Setuju | CC44: Setuju | CD44: Cukup Setuju | CE44: Setuju | CF44: Setuju | CG44: Setuju | CH44: Setuju | CI44: Setuju | CJ44: Netral | CK44: Netral | CL44: Setuju | CM44: Setuju | CN44: Setuju | CO44: Hijau | CP44: Setuju | CQ44: Netral | CR44: Netral | CS44: Netral | CT44: Jarang | CU44: Sering | CV44: Kadang-Kadang | CW44: Jarang | CX44: Jarang | CY44: Jarang | CZ44: Tidak Pernah | DA44: Jarang | DB44: Kadang-Kadang | DC44: Kadang-Kadang | DD44: Kadang-Kadang | DE44: Jarang | DF44: Jarang | DG44: Jarang | DH44: Orange | DI44: Jarang | DJ44: Jarang | DK44: Jarang | DL44: Kadang-Kadang | DM44: Jarang | DN44: 085182807928
A45: 46251.534 | B45: Ya, saya bersedia berpartisipasi. | C45: Ya | D45: Silva | E45: Perempuan | F45: 20 | G45: UIN Sunan Gunung Djati Bandung | H45: Psikologi | I45: 3 | J45: Priangan Timur dan Pangandaran (Tasikmalaya, Garut, Ciamis, Banjar, Pangandaran) | K45: Pedesaaan (Rural) | L45: Asrama Mahasiswa | M45: Sangat menggambarkan diri saya | N45: Sangat menggambarkan diri saya | O45: Cukup Menggambarkan diri saya | P45: Sangat menggambarkan diri saya | Q45: Cukup Menggambarkan diri saya | R45: Sangat menggambarkan diri saya | S45: Sangat menggambarkan diri saya | T45: Sangat tidak menggambarkan diri saya | U45: Sangat menggambarkan diri saya | V45: Sangat menggambarkan diri saya | W45: Biru | X45: Sangat menggambarkan diri saya | Y45: Sangat menggambarkan diri saya | Z45: Sangat menggambarkan diri saya | AA45: Sangat menggambarkan diri saya | AB45: Sangat menggambarkan diri saya | AC45: Sangat menggambarkan diri saya | AD45: Sangat menggambarkan diri saya | AE45: Menggambarkan diri saya | AF45: Sangat Setuju | AG45: Sangat Setuju | AH45: Sangat Setuju | AI45: Sangat Setuju | AJ45: Setuju | AK45: Sangat Setuju | AL45: Setuju | AM45: Setuju | AN45: Cukup Setuju | AO45: Tidak Setuju | AP45: Cukup Setuju | AQ45: Sangat Tidak Setuju | AR45: Setuju | AS45: Sangat Setuju | AT45: Cukup Setuju | AU45: Tidak Setuju | AV45: Hijau Tua | AW45: Setuju | AX45: Setuju | AY45: Setuju | AZ45: Setuju | BA45: Sangat Tidak Setuju | BB45: Sangat Setuju | BC45: Tidak Setuju | BD45: Setuju | BE45: Cukup Setuju | BF45: Kuning | BG45: Sangat Setuju | BH45: Sangat Tidak Setuju | BI45: Sangat Setuju | BJ45: Setuju | BK45: Sangat Setuju | BL45: Sangat Setuju | BM45: Sangat Setuju | BN45: Cukup Setuju | BO45: Setuju | BP45: Sangat Tidak Setuju | BQ45: Sangat Setuju | BR45: Cukup Tidak Setuju | BS45: Sangat Tidak Setuju | BT45: Sangat Setuju | BU45: Ungu | BV45: Sangat Setuju | BW45: Tidak Setuju | BX45: Setuju | BY45: Setuju | BZ45: Cukup Tidak Setuju | CA45: Setuju | CB45: Cukup Tidak Setuju | CC45: Cukup Tidak Setuju | CD45: Cukup Tidak Setuju | CE45: Sangat Setuju | CF45: Sangat Setuju | CG45: Sangat Setuju | CH45: Sangat Setuju | CI45: Sangat Setuju | CJ45: Sangat Setuju | CK45: Netral | CL45: Sangat Setuju | CM45: Sangat Setuju | CN45: Setuju | CO45: Hijau | CP45: Sangat Setuju | CQ45: Sangat Setuju | CR45: Sangat Setuju | CS45: Sangat Setuju | CT45: Selalu | CU45: Sering | CV45: Kadang-Kadang | CW45: Selalu | CX45: Selalu | CY45: Selalu | CZ45: Selalu | DA45: Sering | DB45: Sering | DC45: Kadang-Kadang | DD45: Selalu | DE45: Tidak Pernah | DF45: Tidak Pernah | DG45: Selalu | DH45: Orange | DI45: Selalu | DJ45: Tidak Pernah | DK45: Tidak Pernah | DL45: Tidak Pernah | DM45: Selalu | DN45: silvacahya763@gmail.com/418101033901534(BRI)
A46: 46251.54 | B46: Ya, saya bersedia berpartisipasi. | C46: Ya | D46: A | E46: Perempuan | F46: 19 | G46: UIN Sunan Gunung Djati Bandung | H46: Psikologi | I46: 3 | J46: Cekungan Bandung (Kota Bandung, Kab. Bandung, Bandung Barat, Cimahi, Sumedang) | K46: Pinggiran Kota (Sub Urban) | L46: Rumah Orang Tua/Wali | M46: Cukup Menggambarkan diri saya | N46: Netral | O46: Tidak Menggambarkan diri saya | P46: Menggambarkan diri saya | Q46: Netral | R46: Cukup Menggambarkan diri saya | S46: Menggambarkan diri saya | T46: Sangat menggambarkan diri saya | U46: Cukup Menggambarkan diri saya | V46: Menggambarkan diri saya | W46: Biru | X46: Cukup Menggambarkan diri saya | Y46: Cukup Menggambarkan diri saya | Z46: Menggambarkan diri saya | AA46: Netral | AB46: Netral | AC46: Netral | AD46: Cukup Menggambarkan diri saya | AE46: Cukup Tidak Menggambarkan diri saya | AF46: Cukup Setuju | AG46: Cukup Setuju | AH46: Cukup Setuju | AI46: Netral | AJ46: Netral | AK46: Cukup Setuju | AL46: Cukup Setuju | AM46: Cukup Tidak Setuju | AN46: Setuju | AO46: Setuju | AP46: Cukup Tidak Setuju | AQ46: Cukup Setuju | AR46: Cukup Setuju | AS46: Cukup Setuju | AT46: Cukup Setuju | AU46: Cukup Tidak Setuju | AV46: Hijau Tua | AW46: Cukup Setuju | AX46: Cukup Setuju | AY46: Cukup Tidak Setuju | AZ46: Cukup Setuju | BA46: Cukup Tidak Setuju | BB46: Cukup Tidak Setuju | BC46: Setuju | BD46: Cukup Tidak Setuju | BE46: Cukup Setuju | BF46: Kuning | BG46: Setuju | BH46: Cukup Tidak Setuju | BI46: Cukup Setuju | BJ46: Cukup Tidak Setuju | BK46: Cukup Tidak Setuju | BL46: Tidak Setuju | BM46: Cukup Setuju | BN46: Cukup Tidak Setuju | BO46: Cukup Setuju | BP46: Cukup Tidak Setuju | BQ46: Cukup Tidak Setuju | BR46: Cukup Setuju | BS46: Cukup Setuju | BT46: Cukup Tidak Setuju | BU46: Ungu | BV46: Cukup Tidak Setuju | BW46: Cukup Setuju | BX46: Cukup Tidak Setuju | BY46: Cukup Tidak Setuju | BZ46: Cukup Setuju | CA46: Cukup Tidak Setuju | CB46: Cukup Tidak Setuju | CC46: Cukup Setuju | CD46: Cukup Tidak Setuju | CE46: Setuju | CF46: Setuju | CG46: Setuju | CH46: Setuju | CI46: Setuju | CJ46: Setuju | CK46: Setuju | CL46: Setuju | CM46: Setuju | CN46: Setuju | CO46: Hijau | CP46: Setuju | CQ46: Setuju | CR46: Setuju | CS46: Netral | CT46: Sering | CU46: Sering | CV46: Kadang-Kadang | CW46: Sering | CX46: Kadang-Kadang | CY46: Jarang | CZ46: Jarang | DA46: Jarang | DB46: Jarang | DC46: Jarang | DD46: Kadang-Kadang | DE46: Jarang | DF46: Jarang | DG46: Jarang | DH46: Orange | DI46: Jarang | DJ46: Jarang | DK46: Tidak Pernah | DL46: Tidak Pernah | DM46: Jarang
A47: 46251.545 | B47: Ya, saya bersedia berpartisipasi. | C47: Ya | D47: N | E47: Perempuan | F47: 19 | G47: UIN Sunan Gunung Djati | H47: Psikologi | I47: 3 | J47: Cekungan Bandung (Kota Bandung, Kab. Bandung, Bandung Barat, Cimahi, Sumedang) | K47: Kota (Urban) | L47: Rumah Orang Tua/Wali | M47: Sangat tidak menggambarkan diri saya | N47: Netral | O47: Cukup Menggambarkan diri saya | P47: Cukup Menggambarkan diri saya | Q47: Cukup Menggambarkan diri saya | R47: Netral | S47: Sangat menggambarkan diri saya | T47: Sangat menggambarkan diri saya | U47: Netral | V47: Sangat menggambarkan diri saya | W47: Biru | X47: Cukup Menggambarkan diri saya | Y47: Cukup Menggambarkan diri saya | Z47: Menggambarkan diri saya | AA47: Menggambarkan diri saya | AB47: Cukup Menggambarkan diri saya | AC47: Cukup Menggambarkan diri saya | AD47: Menggambarkan diri saya | AE47: Cukup Menggambarkan diri saya | AF47: Setuju | AG47: Cukup Setuju | AH47: Netral | AI47: Setuju | AJ47: Cukup Setuju | AK47: Cukup Setuju | AL47: Cukup Setuju | AM47: Setuju | AN47: Setuju | AO47: Cukup Tidak Setuju | AP47: Setuju | AQ47: Sangat Setuju | AR47: Sangat Setuju | AS47: Cukup Tidak Setuju | AT47: Setuju | AU47: Sangat Setuju | AV47: Hijau Tua | AW47: Cukup Setuju | AX47: Cukup Setuju | AY47: Setuju | AZ47: Cukup Tidak Setuju | BA47: Cukup Tidak Setuju | BB47: Cukup Tidak Setuju | BC47: Cukup Tidak Setuju | BD47: Setuju | BE47: Setuju | BF47: Kuning | BG47: Cukup Setuju | BH47: Setuju | BI47: Cukup Tidak Setuju | BJ47: Sangat Setuju | BK47: Sangat Setuju | BL47: Cukup Setuju | BM47: Cukup Tidak Setuju | BN47: Setuju | BO47: Cukup Setuju | BP47: Sangat Tidak Setuju | BQ47: Sangat Tidak Setuju | BR47: Sangat Setuju | BS47: Sangat Setuju | BT47: Sangat Setuju | BU47: Ungu | BV47: Tidak Setuju | BW47: Setuju | BX47: Sangat Tidak Setuju | BY47: Cukup Tidak Setuju | BZ47: Sangat Setuju | CA47: Cukup Tidak Setuju | CB47: Setuju | CC47: Cukup Setuju | CD47: Cukup Tidak Setuju | CE47: Sangat Setuju | CF47: Sangat Setuju | CG47: Sangat Setuju | CH47: Sangat Setuju | CI47: Sangat Setuju | CJ47: Setuju | CK47: Netral | CL47: Sangat Setuju | CM47: Sangat Setuju | CN47: Sangat Setuju | CO47: Hijau | CP47: Sangat Setuju | CQ47: Setuju | CR47: Sangat Setuju | CS47: Sangat Setuju | CT47: Jarang | CU47: Selalu | CV47: Kadang-Kadang | CW47: Jarang | CX47: Selalu | CY47: Sering | CZ47: Jarang | DA47: Kadang-Kadang | DB47: Selalu | DC47: Sering | DD47: Kadang-Kadang | DE47: Tidak Pernah | DF47: Kadang-Kadang | DG47: Kadang-Kadang | DH47: Orange | DI47: Jarang | DJ47: Tidak Pernah | DK47: Kadang-Kadang | DL47: Sering | DM47: Selalu | DN47: lafletoileur@gmail.com
A48: 46251.547 | B48: Ya, saya bersedia berpartisipasi. | C48: Ya | D48: PZ | E48: Perempuan | F48: 22 | G48: unisba | H48: psikologi | I48: 7 | J48: Cekungan Bandung (Kota Bandung, Kab. Bandung, Bandung Barat, Cimahi, Sumedang) | K48: Kota (Urban) | L48: Kos/Kontrakan | M48: Menggambarkan diri saya | N48: Menggambarkan diri saya | O48: Menggambarkan diri saya | P48: Cukup Menggambarkan diri saya | Q48: Netral | R48: Menggambarkan diri saya | S48: Cukup Menggambarkan diri saya | T48: Menggambarkan diri saya | U48: Cukup Menggambarkan diri saya | V48: Menggambarkan diri saya | W48: Biru | X48: Menggambarkan diri saya | Y48: Menggambarkan diri saya | Z48: Menggambarkan diri saya | AA48: Menggambarkan diri saya | AB48: Menggambarkan diri saya | AC48: Menggambarkan diri saya | AD48: Menggambarkan diri saya | AE48: Menggambarkan diri saya | AF48: Setuju | AG48: Setuju | AH48: Setuju | AI48: Setuju | AJ48: Cukup Setuju | AK48: Setuju | AL48: Cukup Tidak Setuju | AM48: Setuju | AN48: Cukup Setuju | AO48: Cukup Setuju | AP48: Setuju | AQ48: Cukup Setuju | AR48: Setuju | AS48: Tidak Setuju | AT48: Tidak Setuju | AU48: Tidak Setuju | AV48: Hijau Tua | AW48: Setuju | AX48: Cukup Setuju | AY48: Cukup Setuju | AZ48: Cukup Setuju | BA48: Tidak Setuju | BB48: Cukup Tidak Setuju | BC48: Tidak Setuju | BD48: Setuju | BE48: Cukup Tidak Setuju | BF48: Kuning | BG48: Setuju | BH48: Tidak Setuju | BI48: Setuju | BJ48: Cukup Tidak Setuju | BK48: Cukup Tidak Setuju | BL48: Setuju | BM48: Setuju | BN48: Tidak Setuju | BO48: Setuju | BP48: Tidak Setuju | BQ48: Setuju | BR48: Tidak Setuju | BS48: Tidak Setuju | BT48: Setuju | BU48: Ungu | BV48: Setuju | BW48: Tidak Setuju | BX48: Setuju | BY48: Setuju | BZ48: Tidak Setuju | CA48: Cukup Setuju | CB48: Tidak Setuju | CC48: Tidak Setuju | CD48: Setuju | CE48: Setuju | CF48: Setuju | CG48: Setuju | CH48: Setuju | CI48: Setuju | CJ48: Setuju | CK48: Netral | CL48: Setuju | CM48: Setuju | CN48: Setuju | CO48: Hijau | CP48: Setuju | CQ48: Setuju | CR48: Setuju | CS48: Setuju | CT48: Kadang-Kadang | CU48: Sering | CV48: Kadang-Kadang | CW48: Kadang-Kadang | CX48: Sering | CY48: Kadang-Kadang | CZ48: Sering | DA48: Kadang-Kadang | DB48: Sering | DC48: Sering | DD48: Jarang | DE48: Jarang | DF48: Kadang-Kadang | DG48: Kadang-Kadang | DH48: Orange | DI48: Kadang-Kadang | DJ48: Jarang | DK48: Jarang | DL48: Tidak Pernah | DM48: Sering | DN48: putrizahraalifviah@gmail.com/ dana 088802009336
A49: 46251.577 | B49: Ya, saya bersedia berpartisipasi. | C49: Ya | D49: Jla | E49: Perempuan | F49: 19 | G49: Universitas Islam Negeri | H49: Psikologi | I49: 3 | J49: Cekungan Bandung (Kota Bandung, Kab. Bandung, Bandung Barat, Cimahi, Sumedang) | K49: Kota (Urban) | L49: Rumah Orang Tua/Wali | M49: Cukup Menggambarkan diri saya | N49: Cukup Menggambarkan diri saya | O49: Menggambarkan diri saya | P49: Sangat menggambarkan diri saya | Q49: Netral | R49: Sangat menggambarkan diri saya | S49: Menggambarkan diri saya | T49: Cukup Menggambarkan diri saya | U49: Netral | V49: Tidak Menggambarkan diri saya | W49: Biru | X49: Menggambarkan diri saya | Y49: Menggambarkan diri saya | Z49: Cukup Menggambarkan diri saya | AA49: Menggambarkan diri saya | AB49: Netral | AC49: Netral | AD49: Menggambarkan diri saya | AE49: Menggambarkan diri saya | AF49: Sangat Setuju | AG49: Sangat Setuju | AH49: Setuju | AI49: Setuju | AJ49: Setuju | AK49: Sangat Setuju | AL49: Cukup Setuju | AM49: Cukup Tidak Setuju | AN49: Sangat Setuju | AO49: Cukup Setuju | AP49: Cukup Setuju | AQ49: Sangat Setuju | AR49: Sangat Setuju | AS49: Cukup Setuju | AT49: Cukup Tidak Setuju | AU49: Setuju | AV49: Hijau Tua | AW49: Setuju | AX49: Cukup Tidak Setuju | AY49: Tidak Setuju | AZ49: Setuju | BA49: Sangat Tidak Setuju | BB49: Setuju | BC49: Sangat Tidak Setuju | BD49: Sangat Setuju | BE49: Tidak Setuju | BF49: Kuning | BG49: Sangat Setuju | BH49: Sangat Tidak Setuju | BI49: Cukup Tidak Setuju | BJ49: Cukup Tidak Setuju | BK49: Cukup Setuju | BL49: Setuju | BM49: Cukup Setuju | BN49: Tidak Setuju | BO49: Setuju | BP49: Sangat Tidak Setuju | BQ49: Cukup Setuju | BR49: Sangat Tidak Setuju | BS49: Tidak Setuju | BT49: Setuju | BU49: Ungu | BV49: Cukup Setuju | BW49: Sangat Tidak Setuju | BX49: Sangat Setuju | BY49: Setuju | BZ49: Cukup Setuju | CA49: Setuju | CB49: Tidak Setuju | CC49: Setuju | CD49: Cukup Setuju | CE49: Sangat Setuju | CF49: Sangat Setuju | CG49: Sangat Setuju | CH49: Sangat Setuju | CI49: Sangat Setuju | CJ49: Sangat Setuju | CK49: Setuju | CL49: Sangat Setuju | CM49: Sangat Setuju | CN49: Sangat Setuju | CO49: Hijau | CP49: Sangat Setuju | CQ49: Sangat Setuju | CR49: Sangat Setuju | CS49: Setuju | CT49: Jarang | CU49: Selalu | CV49: Sering | CW49: Sering | CX49: Selalu | CY49: Jarang | CZ49: Tidak Pernah | DA49: Tidak Pernah | DB49: Tidak Pernah | DC49: Jarang | DD49: Kadang-Kadang | DE49: Tidak Pernah | DF49: Tidak Pernah | DG49: Jarang | DH49: Orange | DI49: Tidak Pernah | DJ49: Tidak Pernah | DK49: Tidak Pernah | DL49: Tidak Pernah | DM49: Kadang-Kadang | DN49: 0812999955705 (shopeepay)
A50: 46251.661 | B50: Ya, saya bersedia berpartisipasi. | C50: Ya | D50: AIK | E50: Perempuan | F50: 21 | G50: Unisba | H50: Psikologi | I50: 7 | J50: Cekungan Bandung (Kota Bandung, Kab. Bandung, Bandung Barat, Cimahi, Sumedang) | K50: Kota (Urban) | L50: Rumah Orang Tua/Wali | M50: Cukup Tidak Menggambarkan diri saya | N50: Cukup Menggambarkan diri saya | O50: Cukup Menggambarkan diri saya | P50: Cukup Menggambarkan diri saya | Q50: Cukup Menggambarkan diri saya | R50: Cukup Menggambarkan diri saya | S50: Cukup Menggambarkan diri saya | T50: Cukup Menggambarkan diri saya | U50: Cukup Menggambarkan diri saya | V50: Cukup Menggambarkan diri saya | W50: Biru | X50: Menggambarkan diri saya | Y50: Cukup Menggambarkan diri saya | Z50: Cukup Tidak Menggambarkan diri saya | AA50: Cukup Tidak Menggambarkan diri saya | AB50: Cukup Menggambarkan diri saya | AC50: Cukup Menggambarkan diri saya | AD50: Cukup Menggambarkan diri saya | AE50: Cukup Menggambarkan diri saya | AF50: Sangat Setuju | AG50: Setuju | AH50: Setuju | AI50: Setuju | AJ50: Setuju | AK50: Setuju | AL50: Cukup Setuju | AM50: Cukup Setuju | AN50: Cukup Setuju | AO50: Cukup Setuju | AP50: Cukup Setuju | AQ50: Cukup Setuju | AR50: Cukup Setuju | AS50: Cukup Setuju | AT50: Cukup Setuju | AU50: Setuju | AV50: Hijau Tua | AW50: Cukup Setuju | AX50: Setuju | AY50: Cukup Setuju | AZ50: Setuju | BA50: Setuju | BB50: Cukup Setuju | BC50: Setuju | BD50: Cukup Setuju | BE50: Setuju | BF50: Kuning | BG50: Setuju | BH50: Cukup Setuju | BI50: Setuju | BJ50: Cukup Setuju | BK50: Setuju | BL50: Cukup Setuju | BM50: Setuju | BN50: Cukup Setuju | BO50: Setuju | BP50: Setuju | BQ50: Setuju | BR50: Tidak Setuju | BS50: Tidak Setuju | BT50: Tidak Setuju | BU50: Ungu | BV50: Setuju | BW50: Setuju | BX50: Setuju | BY50: Setuju | BZ50: Setuju | CA50: Setuju | CB50: Setuju | CC50: Setuju | CD50: Setuju | CE50: Setuju | CF50: Setuju | CG50: Setuju | CH50: Setuju | CI50: Setuju | CJ50: Setuju | CK50: Setuju | CL50: Setuju | CM50: Setuju | CN50: Setuju | CO50: Hijau | CP50: Setuju | CQ50: Setuju | CR50: Setuju | CS50: Setuju | CT50: Kadang-Kadang | CU50: Kadang-Kadang | CV50: Kadang-Kadang | CW50: Kadang-Kadang | CX50: Kadang-Kadang | CY50: Kadang-Kadang | CZ50: Kadang-Kadang | DA50: Kadang-Kadang | DB50: Kadang-Kadang | DC50: Kadang-Kadang | DD50: Kadang-Kadang | DE50: Kadang-Kadang | DF50: Kadang-Kadang | DG50: Kadang-Kadang | DH50: Orange | DI50: Kadang-Kadang | DJ50: Kadang-Kadang | DK50: Kadang-Kadang | DL50: Kadang-Kadang | DM50: Kadang-Kadang
A51: 46251.7 | B51: Ya, saya bersedia berpartisipasi. | C51: Ya | D51: ARN | E51: Perempuan | F51: 20 | G51: Universitas Islam Negeri Sunan Gunung Djati Bandung | H51: Psikologi | I51: 3 | J51: Cekungan Bandung (Kota Bandung, Kab. Bandung, Bandung Barat, Cimahi, Sumedang) | K51: Pinggiran Kota (Sub Urban) | L51: Kos/Kontrakan | M51: Sangat menggambarkan diri saya | N51: Menggambarkan diri saya | O51: Menggambarkan diri saya | P51: Menggambarkan diri saya | Q51: Cukup Menggambarkan diri saya | R51: Cukup Menggambarkan diri saya | S51: Menggambarkan diri saya | T51: Menggambarkan diri saya | U51: Menggambarkan diri saya | V51: Menggambarkan diri saya | W51: Biru | X51: Menggambarkan diri saya | Y51: Cukup Menggambarkan diri saya | Z51: Menggambarkan diri saya | AA51: Cukup Menggambarkan diri saya | AB51: Menggambarkan diri saya | AC51: Cukup Menggambarkan diri saya | AD51: Menggambarkan diri saya | AE51: Cukup Menggambarkan diri saya | AF51: Setuju | AG51: Setuju | AH51: Cukup Setuju | AI51: Setuju | AJ51: Setuju | AK51: Setuju | AL51: Cukup Setuju | AM51: Cukup Tidak Setuju | AN51: Cukup Setuju | AO51: Cukup Setuju | AP51: Cukup Setuju | AQ51: Cukup Tidak Setuju | AR51: Cukup Setuju | AS51: Cukup Setuju | AT51: Setuju | AU51: Cukup Setuju | AV51: Hijau Tua | AW51: Cukup Setuju | AX51: Cukup Setuju | AY51: Cukup Setuju | AZ51: Cukup Tidak Setuju | BA51: Tidak Setuju | BB51: Sangat Setuju | BC51: Cukup Tidak Setuju | BD51: Cukup Setuju | BE51: Cukup Setuju | BF51: Kuning | BG51: Sangat Setuju | BH51: Tidak Setuju | BI51: Cukup Setuju | BJ51: Cukup Setuju | BK51: Setuju | BL51: Cukup Tidak Setuju | BM51: Cukup Setuju | BN51: Cukup Setuju | BO51: Cukup Setuju | BP51: Tidak Setuju | BQ51: Cukup Setuju | BR51: Cukup Setuju | BS51: Cukup Tidak Setuju | BT51: Cukup Setuju | BU51: Ungu | BV51: Cukup Tidak Setuju | BW51: Cukup Setuju | BX51: Cukup Tidak Setuju | BY51: Cukup Setuju | BZ51: Cukup Setuju | CA51: Cukup Tidak Setuju | CB51: Cukup Setuju | CC51: Cukup Setuju | CD51: Cukup Setuju | CE51: Sangat Setuju | CF51: Sangat Setuju | CG51: Sangat Setuju | CH51: Sangat Setuju | CI51: Sangat Setuju | CJ51: Setuju | CK51: Netral | CL51: Sangat Setuju | CM51: Sangat Setuju | CN51: Setuju | CO51: Hijau | CP51: Setuju | CQ51: Setuju | CR51: Setuju | CS51: Setuju | CT51: Jarang | CU51: Selalu | CV51: Kadang-Kadang | CW51: Kadang-Kadang | CX51: Kadang-Kadang | CY51: Kadang-Kadang | CZ51: Jarang | DA51: Kadang-Kadang | DB51: Kadang-Kadang | DC51: Kadang-Kadang | DD51: Kadang-Kadang | DE51: Tidak Pernah | DF51: Jarang | DG51: Jarang | DH51: Orange | DI51: Kadang-Kadang | DJ51: Kadang-Kadang | DK51: Tidak Pernah | DL51: Tidak Pernah | DM51: Jarang | DN51: 0895410267045 (whatsapp dan DANA)
A52: 46251.729 | B52: Ya, saya bersedia berpartisipasi. | C52: Ya | D52: izz | E52: Perempuan | F52: 19 | G52: uin sunan gunung djati bandung | H52: psikologi | I52: 3 | J52: Cekungan Bandung (Kota Bandung, Kab. Bandung, Bandung Barat, Cimahi, Sumedang) | K52: Kota (Urban) | L52: Rumah Orang Tua/Wali | M52: Menggambarkan diri saya | N52: Cukup Tidak Menggambarkan diri saya | O52: Cukup Menggambarkan diri saya | P52: Menggambarkan diri saya | Q52: Netral | R52: Cukup Menggambarkan diri saya | S52: Cukup Menggambarkan diri saya | T52: Cukup Tidak Menggambarkan diri saya | U52: Cukup Menggambarkan diri saya | V52: Cukup Menggambarkan diri saya | W52: Biru | X52: Menggambarkan diri saya | Y52: Cukup Menggambarkan diri saya | Z52: Cukup Menggambarkan diri saya | AA52: Cukup Menggambarkan diri saya | AB52: Cukup Menggambarkan diri saya | AC52: Cukup Menggambarkan diri saya | AD52: Cukup Menggambarkan diri saya | AE52: Cukup Menggambarkan diri saya | AF52: Setuju | AG52: Setuju | AH52: Setuju | AI52: Cukup Tidak Setuju | AJ52: Setuju | AK52: Setuju | AL52: Cukup Setuju | AM52: Cukup Setuju | AN52: Cukup Setuju | AO52: Cukup Setuju | AP52: Cukup Setuju | AQ52: Cukup Setuju | AR52: Cukup Setuju | AS52: Cukup Setuju | AT52: Cukup Setuju | AU52: Cukup Setuju | AV52: Hijau Tua | AW52: Cukup Setuju | AX52: Cukup Setuju | AY52: Cukup Setuju | AZ52: Setuju | BA52: Sangat Tidak Setuju | BB52: Cukup Setuju | BC52: Cukup Setuju | BD52: Cukup Setuju | BE52: Cukup Setuju | BF52: Kuning | BG52: Sangat Setuju | BH52: Cukup Setuju | BI52: Setuju | BJ52: Setuju | BK52: Cukup Setuju | BL52: Cukup Tidak Setuju | BM52: Sangat Setuju | BN52: Sangat Setuju | BO52: Cukup Setuju | BP52: Sangat Tidak Setuju | BQ52: Sangat Setuju | BR52: Sangat Setuju | BS52: Sangat Setuju | BT52: Sangat Setuju | BU52: Ungu | BV52: Cukup Setuju | BW52: Cukup Setuju | BX52: Cukup Setuju | BY52: Cukup Setuju | BZ52: Cukup Setuju | CA52: Cukup Setuju | CB52: Cukup Setuju | CC52: Cukup Setuju | CD52: Cukup Setuju | CE52: Setuju | CF52: Setuju | CG52: Setuju | CH52: Setuju | CI52: Setuju | CJ52: Setuju | CK52: Setuju | CL52: Setuju | CM52: Setuju | CN52: Setuju | CO52: Hijau | CP52: Setuju | CQ52: Setuju | CR52: Setuju | CS52: Setuju | CT52: Tidak Pernah | CU52: Kadang-Kadang | CV52: Kadang-Kadang | CW52: Kadang-Kadang | CX52: Tidak Pernah | CY52: Tidak Pernah | CZ52: Tidak Pernah | DA52: Tidak Pernah | DB52: Tidak Pernah | DC52: Tidak Pernah | DD52: Tidak Pernah | DE52: Tidak Pernah | DF52: Kadang-Kadang | DG52: Kadang-Kadang | DH52: Orange | DI52: Tidak Pernah | DJ52: Tidak Pernah | DK52: Tidak Pernah | DL52: Tidak Pernah | DM52: Tidak Pernah | DN52: izznafahat94@gmail.com
A53: 46251.794 | B53: Ya, saya bersedia berpartisipasi. | C53: Ya | D53: L | E53: Perempuan | F53: 19 | G53: UIN Sunan Gunung Djati Bandung | H53: Psikologi/Psikologi | I53: 3 | J53: Cekungan Bandung (Kota Bandung, Kab. Bandung, Bandung Barat, Cimahi, Sumedang) | K53: Pinggiran Kota (Sub Urban) | L53: Rumah Orang Tua/Wali | M53: Cukup Menggambarkan diri saya | N53: Tidak Menggambarkan diri saya | O53: Cukup Tidak Menggambarkan diri saya | P53: Netral | Q53: Netral | R53: Cukup Menggambarkan diri saya | S53: Menggambarkan diri saya | T53: Menggambarkan diri saya | U53: Cukup Tidak Menggambarkan diri saya | V53: Cukup Menggambarkan diri saya | W53: Biru | X53: Cukup Menggambarkan diri saya | Y53: Cukup Menggambarkan diri saya | Z53: Cukup Menggambarkan diri saya | AA53: Menggambarkan diri saya | AB53: Cukup Tidak Menggambarkan diri saya | AC53: Netral | AD53: Cukup Tidak Menggambarkan diri saya | AE53: Netral | AF53: Cukup Setuju | AG53: Netral | AH53: Netral | AI53: Cukup Setuju | AJ53: Cukup Tidak Setuju | AK53: Cukup Setuju | AL53: Setuju | AM53: Cukup Setuju | AN53: Setuju | AO53: Cukup Tidak Setuju | AP53: Cukup Setuju | AQ53: Cukup Tidak Setuju | AR53: Setuju | AS53: Tidak Setuju | AT53: Sangat Setuju | AU53: Tidak Setuju | AV53: Hijau Tua | AW53: Tidak Setuju | AX53: Setuju | AY53: Cukup Setuju | AZ53: Tidak Setuju | BA53: Tidak Setuju | BB53: Cukup Setuju | BC53: Cukup Tidak Setuju | BD53: Cukup Setuju | BE53: Cukup Setuju | BF53: Kuning | BG53: Sangat Setuju | BH53: Tidak Setuju | BI53: Setuju | BJ53: Setuju | BK53: Cukup Setuju | BL53: Cukup Setuju | BM53: Setuju | BN53: Tidak Setuju | BO53: Cukup Setuju | BP53: Cukup Tidak Setuju | BQ53: Cukup Tidak Setuju | BR53: Setuju | BS53: Setuju | BT53: Cukup Setuju | BU53: Ungu | BV53: Cukup Tidak Setuju | BW53: Cukup Tidak Setuju | BX53: Cukup Tidak Setuju | BY53: Cukup Setuju | BZ53: Cukup Setuju | CA53: Cukup Setuju | CB53: Cukup Tidak Setuju | CC53: Setuju | CD53: Cukup Setuju | CE53: Sangat Setuju | CF53: Sangat Setuju | CG53: Sangat Setuju | CH53: Sangat Setuju | CI53: Sangat Setuju | CJ53: Setuju | CK53: Setuju | CL53: Setuju | CM53: Setuju | CN53: Tidak Setuju | CO53: Hijau | CP53: Sangat Setuju | CQ53: Setuju | CR53: Setuju | CS53: Setuju | CT53: Jarang | CU53: Jarang | CV53: Kadang-Kadang | CW53: Kadang-Kadang | CX53: Jarang | CY53: Jarang | CZ53: Tidak Pernah | DA53: Tidak Pernah | DB53: Jarang | DC53: Jarang | DD53: Sering | DE53: Tidak Pernah | DF53: Tidak Pernah | DG53: Tidak Pernah | DH53: Orange | DI53: Tidak Pernah | DJ53: Jarang | DK53: Tidak Pernah | DL53: Tidak Pernah | DM53: Jarang | DN53: 081212368894 (ShopeePay)
A54: 46251.795 | B54: Ya, saya bersedia berpartisipasi. | C54: Ya | D54: Atikah | E54: Perempuan | F54: 19 | G54: UIN Bandung | H54: Psikologi | I54: 3 | J54: Purwasuka (Purwakarta, Subang, Karawang) | K54: Kota (Urban) | L54: Kos/Kontrakan | M54: Menggambarkan diri saya | N54: Netral | O54: Sangat menggambarkan diri saya | P54: Menggambarkan diri saya | Q54: Cukup Tidak Menggambarkan diri saya | R54: Menggambarkan diri saya | S54: Menggambarkan diri saya | T54: Sangat menggambarkan diri saya | U54: Cukup Menggambarkan diri saya | V54: Sangat menggambarkan diri saya | W54: Biru | X54: Sangat menggambarkan diri saya | Y54: Menggambarkan diri saya | Z54: Menggambarkan diri saya | AA54: Sangat menggambarkan diri saya | AB54: Menggambarkan diri saya | AC54: Menggambarkan diri saya | AD54: Menggambarkan diri saya | AE54: Cukup Tidak Menggambarkan diri saya | AF54: Sangat Setuju | AG54: Sangat Setuju | AH54: Sangat Setuju | AI54: Sangat Setuju | AJ54: Setuju | AK54: Setuju | AL54: Setuju | AM54: Cukup Tidak Setuju | AN54: Cukup Setuju | AO54: Cukup Setuju | AP54: Cukup Tidak Setuju | AQ54: Cukup Setuju | AR54: Cukup Setuju | AS54: Cukup Setuju | AT54: Cukup Setuju | AU54: Cukup Tidak Setuju | AV54: Hijau Tua | AW54: Cukup Setuju | AX54: Cukup Setuju | AY54: Cukup Setuju | AZ54: Cukup Setuju | BA54: Sangat Tidak Setuju | BB54: Sangat Setuju | BC54: Setuju | BD54: Cukup Setuju | BE54: Sangat Tidak Setuju | BF54: Kuning | BG54: Sangat Setuju | BH54: Sangat Tidak Setuju | BI54: Sangat Setuju | BJ54: Sangat Tidak Setuju | BK54: Sangat Tidak Setuju | BL54: Sangat Setuju | BM54: Cukup Setuju | BN54: Cukup Tidak Setuju | BO54: Cukup Setuju | BP54: Tidak Setuju | BQ54: Cukup Setuju | BR54: Cukup Tidak Setuju | BS54: Cukup Setuju | BT54: Sangat Setuju | BU54: Ungu | BV54: Cukup Setuju | BW54: Cukup Tidak Setuju | BX54: Sangat Tidak Setuju | BY54: Cukup Tidak Setuju | BZ54: Sangat Setuju | CA54: Cukup Tidak Setuju | CB54: Sangat Setuju | CC54: Sangat Setuju | CD54: Sangat Tidak Setuju | CE54: Sangat Setuju | CF54: Sangat Setuju | CG54: Sangat Setuju | CH54: Sangat Setuju | CI54: Sangat Setuju | CJ54: Sangat Setuju | CK54: Sangat Setuju | CL54: Sangat Setuju | CM54: Sangat Setuju | CN54: Sangat Setuju | CO54: Hijau | CP54: Tidak Setuju | CQ54: Setuju | CR54: Setuju | CS54: Setuju | CT54: Sering | CU54: Selalu | CV54: Kadang-Kadang | CW54: Jarang | CX54: Tidak Pernah | CY54: Kadang-Kadang | CZ54: Jarang | DA54: Jarang | DB54: Jarang | DC54: Jarang | DD54: Sering | DE54: Kadang-Kadang | DF54: Tidak Pernah | DG54: Tidak Pernah | DH54: Orange | DI54: Sering | DJ54: Kadang-Kadang | DK54: Tidak Pernah | DL54: Tidak Pernah | DM54: Kadang-Kadang | DN54: DANA 089639713574
A55: 46251.812 | B55: Ya, saya bersedia berpartisipasi. | C55: Ya | D55: Jaa | E55: Perempuan | F55: 18 | G55: Universitas Padjajaran | H55: Fakultas Ilmu Budaya | I55: 3 | J55: Cekungan Bandung (Kota Bandung, Kab. Bandung, Bandung Barat, Cimahi, Sumedang) | K55: Kota (Urban) | L55: Rumah Orang Tua/Wali | M55: Menggambarkan diri saya | N55: Menggambarkan diri saya | O55: Cukup Menggambarkan diri saya | P55: Netral | Q55: Netral | R55: Cukup Menggambarkan diri saya | S55: Sangat menggambarkan diri saya | T55: Menggambarkan diri saya | U55: Netral | V55: Cukup Menggambarkan diri saya | W55: Biru | X55: Menggambarkan diri saya | Y55: Sangat menggambarkan diri saya | Z55: Menggambarkan diri saya | AA55: Menggambarkan diri saya | AB55: Cukup Menggambarkan diri saya | AC55: Cukup Menggambarkan diri saya | AD55: Cukup Menggambarkan diri saya | AE55: Netral | AF55: Setuju | AG55: Cukup Setuju | AH55: Cukup Setuju | AI55: Cukup Setuju | AJ55: Setuju | AK55: Netral | AL55: Cukup Setuju | AM55: Cukup Tidak Setuju | AN55: Setuju | AO55: Cukup Setuju | AP55: Cukup Setuju | AQ55: Sangat Setuju | AR55: Cukup Setuju | AS55: Cukup Setuju | AT55: Sangat Setuju | AU55: Setuju | AV55: Hijau Tua | AW55: Cukup Setuju | AX55: Cukup Setuju | AY55: Cukup Setuju | AZ55: Cukup Setuju | BA55: Sangat Tidak Setuju | BB55: Setuju | BC55: Cukup Setuju | BD55: Cukup Setuju | BE55: Cukup Setuju | BF55: Kuning | BG55: Setuju | BH55: Tidak Setuju | BI55: Sangat Setuju | BJ55: Setuju | BK55: Sangat Setuju | BL55: Cukup Tidak Setuju | BM55: Cukup Setuju | BN55: Cukup Setuju | BO55: Cukup Setuju | BP55: Sangat Tidak Setuju | BQ55: Cukup Tidak Setuju | BR55: Cukup Setuju | BS55: Cukup Setuju | BT55: Cukup Setuju | BU55: Ungu | BV55: Cukup Tidak Setuju | BW55: Cukup Tidak Setuju | BX55: Cukup Tidak Setuju | BY55: Cukup Tidak Setuju | BZ55: Cukup Setuju | CA55: Cukup Tidak Setuju | CB55: Cukup Setuju | CC55: Sangat Setuju | CD55: Cukup Tidak Setuju | CE55: Netral | CF55: Setuju | CG55: Setuju | CH55: Setuju | CI55: Setuju | CJ55: Netral | CK55: Netral | CL55: Setuju | CM55: Setuju | CN55: Setuju | CO55: Hijau | CP55: Netral | CQ55: Netral | CR55: Netral | CS55: Setuju | CT55: Kadang-Kadang | CU55: Sering | CV55: Kadang-Kadang | CW55: Kadang-Kadang | CX55: Sering | CY55: Sering | CZ55: Sering | DA55: Kadang-Kadang | DB55: Kadang-Kadang | DC55: Jarang | DD55: Jarang | DE55: Kadang-Kadang | DF55: Kadang-Kadang | DG55: Kadang-Kadang | DH55: Orange | DI55: Kadang-Kadang | DJ55: Kadang-Kadang | DK55: Kadang-Kadang | DL55: Kadang-Kadang | DM55: Sering | DN55: vwxyzkh@gmail.com
A56: 46251.814 | B56: Ya, saya bersedia berpartisipasi. | C56: Ya | D56: GRM | E56: Perempuan | F56: 19 | G56: Universitas Padjadjaran | H56: Psikologi/psikologi | I56: 3 | J56: Cekungan Bandung (Kota Bandung, Kab. Bandung, Bandung Barat, Cimahi, Sumedang) | K56: Kota (Urban) | L56: Kos/Kontrakan | M56: Cukup Tidak Menggambarkan diri saya | N56: Netral | O56: Netral | P56: Cukup Tidak Menggambarkan diri saya | Q56: Tidak Menggambarkan diri saya | R56: Cukup Menggambarkan diri saya | S56: Menggambarkan diri saya | T56: Cukup Menggambarkan diri saya | U56: Netral | V56: Netral | W56: Biru | X56: Cukup Tidak Menggambarkan diri saya | Y56: Netral | Z56: Cukup Tidak Menggambarkan diri saya | AA56: Cukup Menggambarkan diri saya | AB56: Netral | AC56: Netral | AD56: Sangat menggambarkan diri saya | AE56: Netral | AF56: Cukup Setuju | AG56: Netral | AH56: Netral | AI56: Cukup Setuju | AJ56: Setuju | AK56: Cukup Setuju | AL56: Cukup Tidak Setuju | AM56: Setuju | AN56: Cukup Setuju | AO56: Cukup Tidak Setuju | AP56: Cukup Setuju | AQ56: Setuju | AR56: Cukup Tidak Setuju | AS56: Cukup Setuju | AT56: Setuju | AU56: Tidak Setuju | AV56: Hijau Tua | AW56: Cukup Setuju | AX56: Cukup Setuju | AY56: Setuju | AZ56: Cukup Setuju | BA56: Cukup Tidak Setuju | BB56: Cukup Setuju | BC56: Cukup Setuju | BD56: Cukup Tidak Setuju | BE56: Cukup Setuju | BF56: Kuning | BG56: Sangat Setuju | BH56: Tidak Setuju | BI56: Cukup Setuju | BJ56: Cukup Tidak Setuju | BK56: Tidak Setuju | BL56: Setuju | BM56: Cukup Setuju | BN56: Tidak Setuju | BO56: Setuju | BP56: Sangat Tidak Setuju | BQ56: Cukup Setuju | BR56: Tidak Setuju | BS56: Tidak Setuju | BT56: Cukup Setuju | BU56: Ungu | BV56: Cukup Setuju | BW56: Cukup Setuju | BX56: Tidak Setuju | BY56: Cukup Tidak Setuju | BZ56: Cukup Setuju | CA56: Cukup Tidak Setuju | CB56: Cukup Tidak Setuju | CC56: Cukup Setuju | CD56: Cukup Setuju | CE56: Sangat Setuju | CF56: Sangat Setuju | CG56: Sangat Setuju | CH56: Sangat Setuju | CI56: Sangat Setuju | CJ56: Netral | CK56: Setuju | CL56: Setuju | CM56: Sangat Setuju | CN56: Sangat Setuju | CO56: Hijau | CP56: Setuju | CQ56: Setuju | CR56: Netral | CS56: Setuju | CT56: Jarang | CU56: Sering | CV56: Kadang-Kadang | CW56: Sering | CX56: Jarang | CY56: Jarang | CZ56: Jarang | DA56: Jarang | DB56: Jarang | DC56: Jarang | DD56: Kadang-Kadang | DE56: Tidak Pernah | DF56: Tidak Pernah | DG56: Jarang | DH56: Orange | DI56: Jarang | DJ56: Tidak Pernah | DK56: Tidak Pernah | DL56: Tidak Pernah | DM56: Jarang | DN56: 08111465807 (gopay)
A57: 46251.817 | B57: Ya, saya bersedia berpartisipasi. | C57: Ya | D57: Alya | E57: Perempuan | F57: 18 | G57: Universitas Padjadjaran | H57: Psikologi | I57: 1 | J57: Sukabumi dan Sekitarnya | K57: Kota (Urban) | L57: Kos/Kontrakan | M57: Netral | N57: Cukup Menggambarkan diri saya | O57: Menggambarkan diri saya | P57: Netral | Q57: Cukup Menggambarkan diri saya | R57: Cukup Menggambarkan diri saya | S57: Sangat menggambarkan diri saya | T57: Netral | U57: Cukup Menggambarkan diri saya | V57: Netral | W57: Biru | X57: Netral | Y57: Cukup Menggambarkan diri saya | Z57: Netral | AA57: Cukup Menggambarkan diri saya | AB57: Cukup Menggambarkan diri saya | AC57: Menggambarkan diri saya | AD57: Cukup Menggambarkan diri saya | AE57: Cukup Menggambarkan diri saya | AF57: Setuju | AG57: Setuju | AH57: Setuju | AI57: Setuju | AJ57: Setuju | AK57: Setuju | AL57: Setuju | AM57: Setuju | AN57: Cukup Tidak Setuju | AO57: Cukup Tidak Setuju | AP57: Cukup Setuju | AQ57: Cukup Tidak Setuju | AR57: Setuju | AS57: Setuju | AT57: Cukup Setuju | AU57: Cukup Tidak Setuju | AV57: Hijau Tua | AW57: Setuju | AX57: Setuju | AY57: Setuju | AZ57: Setuju | BA57: Setuju | BB57: Setuju | BC57: Setuju | BD57: Setuju | BE57: Setuju | BF57: Kuning | BG57: Setuju | BH57: Setuju | BI57: Setuju | BJ57: Setuju | BK57: Setuju | BL57: Setuju | BM57: Setuju | BN57: Cukup Tidak Setuju | BO57: Setuju | BP57: Cukup Tidak Setuju | BQ57: Cukup Tidak Setuju | BR57: Cukup Setuju | BS57: Setuju | BT57: Cukup Tidak Setuju | BU57: Ungu | BV57: Cukup Setuju | BW57: Cukup Setuju | BX57: Cukup Setuju | BY57: Cukup Setuju | BZ57: Cukup Setuju | CA57: Cukup Setuju | CB57: Cukup Setuju | CC57: Cukup Setuju | CD57: Setuju | CE57: Netral | CF57: Netral | CG57: Netral | CH57: Netral | CI57: Netral | CJ57: Netral | CK57: Netral | CL57: Setuju | CM57: Netral | CN57: Netral | CO57: Hijau | CP57: Netral | CQ57: Netral | CR57: Netral | CS57: Netral | CT57: Kadang-Kadang | CU57: Kadang-Kadang | CV57: Kadang-Kadang | CW57: Kadang-Kadang | CX57: Kadang-Kadang | CY57: Kadang-Kadang | CZ57: Kadang-Kadang | DA57: Kadang-Kadang | DB57: Kadang-Kadang | DC57: Kadang-Kadang | DD57: Kadang-Kadang | DE57: Kadang-Kadang | DF57: Kadang-Kadang | DG57: Kadang-Kadang | DH57: Orange | DI57: Kadang-Kadang | DJ57: Kadang-Kadang | DK57: Kadang-Kadang | DL57: Kadang-Kadang | DM57: Kadang-Kadang
A58: 46251.82 | B58: Ya, saya bersedia berpartisipasi. | C58: Ya | D58: AM | E58: Laki-laki | F58: 19 | G58: Universitas Padjadjaran | H58: Fakultas Psikologi/ Psikologi | I58: 3 | J58: Cekungan Bandung (Kota Bandung, Kab. Bandung, Bandung Barat, Cimahi, Sumedang) | K58: Pinggiran Kota (Sub Urban) | L58: Kos/Kontrakan | M58: Menggambarkan diri saya | N58: Sangat menggambarkan diri saya | O58: Sangat menggambarkan diri saya | P58: Sangat menggambarkan diri saya | Q58: Netral | R58: Menggambarkan diri saya | S58: Sangat menggambarkan diri saya | T58: Menggambarkan diri saya | U58: Netral | V58: Sangat menggambarkan diri saya | W58: Biru | X58: Sangat menggambarkan diri saya | Y58: Menggambarkan diri saya | Z58: Sangat menggambarkan diri saya | AA58: Sangat menggambarkan diri saya | AB58: Menggambarkan diri saya | AC58: Cukup Menggambarkan diri saya | AD58: Menggambarkan diri saya | AE58: Netral | AF58: Sangat Setuju | AG58: Sangat Setuju | AH58: Sangat Setuju | AI58: Setuju | AJ58: Netral | AK58: Netral | AL58: Sangat Setuju | AM58: Setuju | AN58: Cukup Tidak Setuju | AO58: Tidak Setuju | AP58: Setuju | AQ58: Cukup Tidak Setuju | AR58: Sangat Setuju | AS58: Sangat Setuju | AT58: Cukup Setuju | AU58: Tidak Setuju | AV58: Hijau Tua | AW58: Setuju | AX58: Cukup Setuju | AY58: Cukup Tidak Setuju | AZ58: Setuju | BA58: Sangat Tidak Setuju | BB58: Sangat Setuju | BC58: Tidak Setuju | BD58: Setuju | BE58: Tidak Setuju | BF58: Kuning | BG58: Sangat Setuju | BH58: Sangat Tidak Setuju | BI58: Cukup Setuju | BJ58: Tidak Setuju | BK58: Tidak Setuju | BL58: Sangat Setuju | BM58: Cukup Setuju | BN58: Cukup Tidak Setuju | BO58: Cukup Tidak Setuju | BP58: Tidak Setuju | BQ58: Sangat Setuju | BR58: Sangat Tidak Setuju | BS58: Sangat Tidak Setuju | BT58: Sangat Setuju | BU58: Ungu | BV58: Setuju | BW58: Tidak Setuju | BX58: Cukup Setuju | BY58: Setuju | BZ58: Cukup Setuju | CA58: Sangat Setuju | CB58: Cukup Tidak Setuju | CC58: Tidak Setuju | CD58: Setuju | CE58: Sangat Setuju | CF58: Netral | CG58: Sangat Setuju | CH58: Sangat Setuju | CI58: Netral | CJ58: Sangat Setuju | CK58: Netral | CL58: Sangat Setuju | CM58: Netral | CN58: Sangat Setuju | CO58: Hijau | CP58: Netral | CQ58: Setuju | CR58: Setuju | CS58: Sangat Setuju | CT58: Sering | CU58: Selalu | CV58: Kadang-Kadang | CW58: Selalu | CX58: Selalu | CY58: Kadang-Kadang | CZ58: Kadang-Kadang | DA58: Kadang-Kadang | DB58: Jarang | DC58: Kadang-Kadang | DD58: Jarang | DE58: Tidak Pernah | DF58: Tidak Pernah | DG58: Jarang | DH58: Orange | DI58: Jarang | DJ58: Tidak Pernah | DK58: Tidak Pernah | DL58: Tidak Pernah | DM58: Jarang | DN58: aidil25001@mail.unpad.ac.id/ 0895355314926 (DANA)
A59: 46251.827 | B59: Ya, saya bersedia berpartisipasi. | C59: Ya | D59: AAIP | E59: Laki-laki | F59: 18 | G59: ITB | H59: Sipil | I59: 3 | J59: Cekungan Bandung (Kota Bandung, Kab. Bandung, Bandung Barat, Cimahi, Sumedang) | K59: Kota (Urban) | L59: Kos/Kontrakan | M59: Sangat menggambarkan diri saya | N59: Sangat menggambarkan diri saya | O59: Sangat menggambarkan diri saya | P59: Sangat menggambarkan diri saya | Q59: Netral | R59: Sangat menggambarkan diri saya | S59: Menggambarkan diri saya | T59: Sangat menggambarkan diri saya | U59: Sangat menggambarkan diri saya | V59: Sangat menggambarkan diri saya | W59: Biru | X59: Sangat menggambarkan diri saya | Y59: Menggambarkan diri saya | Z59: Sangat menggambarkan diri saya | AA59: Sangat menggambarkan diri saya | AB59: Sangat menggambarkan diri saya | AC59: Sangat menggambarkan diri saya | AD59: Sangat menggambarkan diri saya | AE59: Cukup Menggambarkan diri saya | AF59: Setuju | AG59: Setuju | AH59: Setuju | AI59: Setuju | AJ59: Setuju | AK59: Setuju | AL59: Setuju | AM59: Setuju | AN59: Setuju | AO59: Tidak Setuju | AP59: Sangat Setuju | AQ59: Cukup Tidak Setuju | AR59: Sangat Setuju | AS59: Cukup Setuju | AT59: Sangat Setuju | AU59: Tidak Setuju | AV59: Hijau Tua | AW59: Setuju | AX59: Cukup Setuju | AY59: Cukup Setuju | AZ59: Sangat Setuju | BA59: Sangat Tidak Setuju | BB59: Cukup Setuju | BC59: Sangat Tidak Setuju | BD59: Sangat Setuju | BE59: Sangat Tidak Setuju | BF59: Kuning | BG59: Sangat Setuju | BH59: Sangat Tidak Setuju | BI59: Cukup Setuju | BJ59: Sangat Tidak Setuju | BK59: Cukup Tidak Setuju | BL59: Setuju | BM59: Cukup Setuju | BN59: Sangat Tidak Setuju | BO59: Sangat Setuju | BP59: Sangat Tidak Setuju | BQ59: Sangat Setuju | BR59: Sangat Tidak Setuju | BS59: Sangat Tidak Setuju | BT59: Sangat Setuju | BU59: Ungu | BV59: Sangat Setuju | BW59: Sangat Tidak Setuju | BX59: Setuju | BY59: Tidak Setuju | BZ59: Sangat Setuju | CA59: Cukup Setuju | CB59: Cukup Tidak Setuju | CC59: Cukup Setuju | CD59: Cukup Setuju | CE59: Sangat Setuju | CF59: Sangat Setuju | CG59: Sangat Setuju | CH59: Sangat Setuju | CI59: Sangat Setuju | CJ59: Sangat Setuju | CK59: Sangat Setuju | CL59: Sangat Setuju | CM59: Sangat Setuju | CN59: Sangat Setuju | CO59: Hijau | CP59: Sangat Setuju | CQ59: Sangat Setuju | CR59: Sangat Setuju | CS59: Sangat Setuju | CT59: Kadang-Kadang | CU59: Selalu | CV59: Sering | CW59: Sering | CX59: Sering | CY59: Kadang-Kadang | CZ59: Kadang-Kadang | DA59: Kadang-Kadang | DB59: Kadang-Kadang | DC59: Kadang-Kadang | DD59: Kadang-Kadang | DE59: Kadang-Kadang | DF59: Sering | DG59: Kadang-Kadang | DH59: Orange | DI59: Kadang-Kadang | DJ59: Kadang-Kadang | DK59: Kadang-Kadang | DL59: Selalu | DM59: Kadang-Kadang | DN59: arbiepohan@gmail.com
A60: 46251.852 | B60: Ya, saya bersedia berpartisipasi. | C60: Ya | D60: SMH | E60: Laki-laki | F60: 19 | G60: Universitas Padjadjaran | H60: Psikologi | I60: 3 | J60: Cekungan Bandung (Kota Bandung, Kab. Bandung, Bandung Barat, Cimahi, Sumedang) | K60: Pinggiran Kota (Sub Urban) | L60: Kos/Kontrakan | M60: Menggambarkan diri saya | N60: Cukup Menggambarkan diri saya | O60: Netral | P60: Cukup Menggambarkan diri saya | Q60: Cukup Menggambarkan diri saya | R60: Cukup Menggambarkan diri saya | S60: Cukup Menggambarkan diri saya | T60: Menggambarkan diri saya | U60: Cukup Menggambarkan diri saya | V60: Menggambarkan diri saya | W60: Biru | X60: Cukup Menggambarkan diri saya | Y60: Netral | Z60: Cukup Menggambarkan diri saya | AA60: Menggambarkan diri saya | AB60: Cukup Menggambarkan diri saya | AC60: Netral | AD60: Menggambarkan diri saya | AE60: Netral | AF60: Cukup Setuju | AG60: Cukup Setuju | AH60: Cukup Setuju | AI60: Cukup Setuju | AJ60: Cukup Setuju | AK60: Cukup Setuju | AL60: Cukup Setuju | AM60: Cukup Setuju | AN60: Cukup Setuju | AO60: Cukup Setuju | AP60: Cukup Setuju | AQ60: Cukup Setuju | AR60: Cukup Setuju | AS60: Cukup Setuju | AT60: Setuju | AU60: Cukup Setuju | AV60: Hijau Tua | AW60: Cukup Tidak Setuju | AX60: Setuju | AY60: Setuju | AZ60: Cukup Tidak Setuju | BA60: Cukup Tidak Setuju | BB60: Setuju | BC60: Cukup Tidak Setuju | BD60: Cukup Setuju | BE60: Cukup Tidak Setuju | BF60: Kuning | BG60: Setuju | BH60: Tidak Setuju | BI60: Cukup Setuju | BJ60: Cukup Setuju | BK60: Cukup Setuju | BL60: Setuju | BM60: Cukup Setuju | BN60: Cukup Setuju | BO60: Cukup Setuju | BP60: Cukup Tidak Setuju | BQ60: Cukup Setuju | BR60: Cukup Setuju | BS60: Cukup Tidak Setuju | BT60: Cukup Setuju | BU60: Ungu | BV60: Cukup Setuju | BW60: Cukup Tidak Setuju | BX60: Cukup Setuju | BY60: Cukup Setuju | BZ60: Sangat Setuju | CA60: Cukup Setuju | CB60: Cukup Setuju | CC60: Cukup Setuju | CD60: Cukup Setuju | CE60: Sangat Setuju | CF60: Sangat Setuju | CG60: Sangat Setuju | CH60: Sangat Setuju | CI60: Sangat Setuju | CJ60: Setuju | CK60: Setuju | CL60: Setuju | CM60: Sangat Setuju | CN60: Setuju | CO60: Hijau | CP60: Setuju | CQ60: Setuju | CR60: Setuju | CS60: Setuju | CT60: Kadang-Kadang | CU60: Sering | CV60: Jarang | CW60: Jarang | CX60: Kadang-Kadang | CY60: Jarang | CZ60: Jarang | DA60: Jarang | DB60: Jarang | DC60: Jarang | DD60: Kadang-Kadang | DE60: Jarang | DF60: Jarang | DG60: Jarang | DH60: Orange | DI60: Jarang | DJ60: Jarang | DK60: Jarang | DL60: Jarang | DM60: Jarang | DN60: https://link.dana.id/minta?full_url=https://qr.dana.id/v1/281012012022051503427989
A61: 46251.859 | B61: Ya, saya bersedia berpartisipasi. | C61: Ya | D61: KMA | E61: Perempuan | F61: 18 | G61: Universitas Padjadjaran | H61: Psikologi/Psikologi | I61: 1 | J61: Cekungan Bandung (Kota Bandung, Kab. Bandung, Bandung Barat, Cimahi, Sumedang) | K61: Kota (Urban) | L61: Kos/Kontrakan | M61: Cukup Menggambarkan diri saya | N61: Netral | O61: Netral | P61: Cukup Menggambarkan diri saya | Q61: Tidak Menggambarkan diri saya | R61: Menggambarkan diri saya | S61: Menggambarkan diri saya | T61: Netral | U61: Netral | V61: Netral | W61: Biru | X61: Cukup Menggambarkan diri saya | Y61: Menggambarkan diri saya | Z61: Cukup Menggambarkan diri saya | AA61: Menggambarkan diri saya | AB61: Netral | AC61: Netral | AD61: Cukup Menggambarkan diri saya | AE61: Tidak Menggambarkan diri saya | AF61: Setuju | AG61: Setuju | AH61: Cukup Setuju | AI61: Cukup Setuju | AJ61: Cukup Setuju | AK61: Setuju | AL61: Cukup Setuju | AM61: Cukup Setuju | AN61: Setuju | AO61: Sangat Tidak Setuju | AP61: Setuju | AQ61: Tidak Setuju | AR61: Setuju | AS61: Setuju | AT61: Sangat Tidak Setuju | AU61: Sangat Tidak Setuju | AV61: Hijau Tua | AW61: Setuju | AX61: Tidak Setuju | AY61: Tidak Setuju | AZ61: Setuju | BA61: Sangat Tidak Setuju | BB61: Sangat Setuju | BC61: Sangat Tidak Setuju | BD61: Sangat Setuju | BE61: Tidak Setuju | BF61: Kuning | BG61: Sangat Setuju | BH61: Sangat Tidak Setuju | BI61: Cukup Setuju | BJ61: Tidak Setuju | BK61: Sangat Tidak Setuju | BL61: Sangat Setuju | BM61: Cukup Setuju | BN61: Tidak Setuju | BO61: Setuju | BP61: Sangat Tidak Setuju | BQ61: Sangat Setuju | BR61: Sangat Tidak Setuju | BS61: Sangat Tidak Setuju | BT61: Sangat Setuju | BU61: Ungu | BV61: Sangat Setuju | BW61: Sangat Tidak Setuju | BX61: Cukup Tidak Setuju | BY61: Sangat Setuju | BZ61: Cukup Setuju | CA61: Cukup Setuju | CB61: Cukup Tidak Setuju | CC61: Tidak Setuju | CD61: Cukup Setuju | CE61: Sangat Setuju | CF61: Sangat Setuju | CG61: Sangat Setuju | CH61: Sangat Setuju | CI61: Sangat Setuju | CJ61: Sangat Setuju | CK61: Sangat Setuju | CL61: Sangat Setuju | CM61: Sangat Setuju | CN61: Sangat Setuju | CO61: Hijau | CP61: Sangat Setuju | CQ61: Sangat Setuju | CR61: Sangat Setuju | CS61: Sangat Setuju | CT61: Kadang-Kadang | CU61: Selalu | CV61: Kadang-Kadang | CW61: Sering | CX61: Jarang | CY61: Kadang-Kadang | CZ61: Jarang | DA61: Kadang-Kadang | DB61: Sering | DC61: Kadang-Kadang | DD61: Sering | DE61: Jarang | DF61: Kadang-Kadang | DG61: Jarang | DH61: Orange | DI61: Jarang | DJ61: Jarang | DK61: Jarang | DL61: Kadang-Kadang | DM61: Jarang | DN61: aqilahkeishamahya@gmail.com
A62: 46251.866 | B62: Ya, saya bersedia berpartisipasi. | C62: Ya | D62: C | E62: Perempuan | F62: 18 | G62: UNPAD | H62: Psikologi | I62: 1 | J62: Cekungan Bandung (Kota Bandung, Kab. Bandung, Bandung Barat, Cimahi, Sumedang) | K62: Pinggiran Kota (Sub Urban) | L62: Kos/Kontrakan | M62: Menggambarkan diri saya | N62: Cukup Menggambarkan diri saya | O62: Menggambarkan diri saya | P62: Menggambarkan diri saya | Q62: Cukup Menggambarkan diri saya | R62: Sangat menggambarkan diri saya | S62: Sangat menggambarkan diri saya | T62: Cukup Menggambarkan diri saya | U62: Cukup Menggambarkan diri saya | V62: Sangat menggambarkan diri saya | W62: Biru | X62: Menggambarkan diri saya | Y62: Menggambarkan diri saya | Z62: Menggambarkan diri saya | AA62: Menggambarkan diri saya | AB62: Cukup Menggambarkan diri saya | AC62: Cukup Menggambarkan diri saya | AD62: Menggambarkan diri saya | AE62: Cukup Menggambarkan diri saya | AF62: Setuju | AG62: Setuju | AH62: Setuju | AI62: Setuju | AJ62: Setuju | AK62: Setuju | AL62: Setuju | AM62: Setuju | AN62: Cukup Setuju | AO62: Tidak Setuju | AP62: Cukup Setuju | AQ62: Cukup Setuju | AR62: Setuju | AS62: Tidak Setuju | AT62: Cukup Tidak Setuju | AU62: Tidak Setuju | AV62: Hijau Tua | AW62: Setuju | AX62: Tidak Setuju | AY62: Tidak Setuju | AZ62: Setuju | BA62: Sangat Tidak Setuju | BB62: Sangat Setuju | BC62: Tidak Setuju | BD62: Setuju | BE62: Tidak Setuju | BF62: Kuning | BG62: Sangat Setuju | BH62: Tidak Setuju | BI62: Setuju | BJ62: Sangat Tidak Setuju | BK62: Tidak Setuju | BL62: Sangat Setuju | BM62: Setuju | BN62: Tidak Setuju | BO62: Setuju | BP62: Tidak Setuju | BQ62: Setuju | BR62: Tidak Setuju | BS62: Sangat Tidak Setuju | BT62: Sangat Setuju | BU62: Ungu | BV62: Setuju | BW62: Tidak Setuju | BX62: Setuju | BY62: Setuju | BZ62: Tidak Setuju | CA62: Setuju | CB62: Tidak Setuju | CC62: Tidak Setuju | CD62: Setuju | CE62: Setuju | CF62: Setuju | CG62: Setuju | CH62: Setuju | CI62: Setuju | CJ62: Setuju | CK62: Setuju | CL62: Setuju | CM62: Setuju | CN62: Setuju | CO62: Hijau | CP62: Setuju | CQ62: Setuju | CR62: Setuju | CS62: Setuju | CT62: Sering | CU62: Sering | CV62: Sering | CW62: Sering | CX62: Sering | CY62: Kadang-Kadang | CZ62: Kadang-Kadang | DA62: Jarang | DB62: Sering | DC62: Kadang-Kadang | DD62: Sering | DE62: Kadang-Kadang | DF62: Sering | DG62: Kadang-Kadang | DH62: Orange | DI62: Jarang | DJ62: Jarang | DK62: Jarang | DL62: Jarang | DM62: Jarang | DN62: claudiazaharaa@gmail.com
A63: 46251.888 | B63: Ya, saya bersedia berpartisipasi. | C63: Ya | D63: N | E63: Perempuan | F63: 21 | G63: Universitas Pendidikan Indonesia | H63: Psikologi | I63: 8 | J63: Cekungan Bandung (Kota Bandung, Kab. Bandung, Bandung Barat, Cimahi, Sumedang) | K63: Kota (Urban) | L63: Kos/Kontrakan | M63: Menggambarkan diri saya | N63: Menggambarkan diri saya | O63: Netral | P63: Menggambarkan diri saya | Q63: Cukup Tidak Menggambarkan diri saya | R63: Cukup Menggambarkan diri saya | S63: Menggambarkan diri saya | T63: Sangat menggambarkan diri saya | U63: Cukup Menggambarkan diri saya | V63: Menggambarkan diri saya | W63: Biru | X63: Sangat menggambarkan diri saya | Y63: Netral | Z63: Cukup Menggambarkan diri saya | AA63: Sangat menggambarkan diri saya | AB63: Netral | AC63: Netral | AD63: Cukup Menggambarkan diri saya | AE63: Tidak Menggambarkan diri saya | AF63: Setuju | AG63: Setuju | AH63: Setuju | AI63: Netral | AJ63: Cukup Setuju | AK63: Setuju | AL63: Cukup Tidak Setuju | AM63: Cukup Setuju | AN63: Setuju | AO63: Cukup Setuju | AP63: Cukup Tidak Setuju | AQ63: Cukup Tidak Setuju | AR63: Cukup Setuju | AS63: Cukup Tidak Setuju | AT63: Cukup Setuju | AU63: Tidak Setuju | AV63: Hijau Tua | AW63: Cukup Setuju | AX63: Cukup Setuju | AY63: Setuju | AZ63: Cukup Setuju | BA63: Tidak Setuju | BB63: Cukup Tidak Setuju | BC63: Cukup Tidak Setuju | BD63: Cukup Setuju | BE63: Cukup Setuju | BF63: Kuning | BG63: Setuju | BH63: Cukup Tidak Setuju | BI63: Cukup Tidak Setuju | BJ63: Cukup Setuju | BK63: Cukup Setuju | BL63: Cukup Setuju | BM63: Cukup Tidak Setuju | BN63: Cukup Setuju | BO63: Cukup Setuju | BP63: Cukup Setuju | BQ63: Cukup Tidak Setuju | BR63: Cukup Tidak Setuju | BS63: Cukup Tidak Setuju | BT63: Cukup Setuju | BU63: Ungu | BV63: Cukup Tidak Setuju | BW63: Cukup Tidak Setuju | BX63: Cukup Setuju | BY63: Cukup Tidak Setuju | BZ63: Cukup Setuju | CA63: Cukup Tidak Setuju | CB63: Cukup Setuju | CC63: Setuju | CD63: Cukup Tidak Setuju | CE63: Setuju | CF63: Setuju | CG63: Netral | CH63: Sangat Setuju | CI63: Sangat Setuju | CJ63: Netral | CK63: Setuju | CL63: Netral | CM63: Setuju | CN63: Setuju | CO63: Hijau | CP63: Setuju | CQ63: Netral | CR63: Setuju | CS63: Setuju | CT63: Tidak Pernah | CU63: Kadang-Kadang | CV63: Jarang | CW63: Kadang-Kadang | CX63: Tidak Pernah | CY63: Kadang-Kadang | CZ63: Tidak Pernah | DA63: Jarang | DB63: Kadang-Kadang | DC63: Kadang-Kadang | DD63: Sering | DE63: Jarang | DF63: Jarang | DG63: Jarang | DH63: Orange | DI63: Jarang | DJ63: Tidak Pernah | DK63: Tidak Pernah | DL63: Jarang | DM63: Tidak Pernah | DN63: 082260968473
A64: 46251.93 | B64: Ya, saya bersedia berpartisipasi. | C64: Ya | D64: CNO | E64: Perempuan | F64: 18 | G64: Unpad | H64: Psikologi | I64: 3 | J64: Cekungan Bandung (Kota Bandung, Kab. Bandung, Bandung Barat, Cimahi, Sumedang) | K64: Pinggiran Kota (Sub Urban) | L64: Kos/Kontrakan | M64: Netral | N64: Cukup Menggambarkan diri saya | O64: Cukup Menggambarkan diri saya | P64: Cukup Menggambarkan diri saya | Q64: Cukup Tidak Menggambarkan diri saya | R64: Cukup Menggambarkan diri saya | S64: Menggambarkan diri saya | T64: Netral | U64: Cukup Tidak Menggambarkan diri saya | V64: Cukup Menggambarkan diri saya | W64: Biru | X64: Netral | Y64: Menggambarkan diri saya | Z64: Netral | AA64: Cukup Menggambarkan diri saya | AB64: Cukup Menggambarkan diri saya | AC64: Cukup Menggambarkan diri saya | AD64: Cukup Menggambarkan diri saya | AE64: Netral | AF64: Setuju | AG64: Setuju | AH64: Setuju | AI64: Setuju | AJ64: Setuju | AK64: Setuju | AL64: Cukup Setuju | AM64: Cukup Setuju | AN64: Cukup Setuju | AO64: Cukup Tidak Setuju | AP64: Cukup Setuju | AQ64: Cukup Setuju | AR64: Cukup Tidak Setuju | AS64: Cukup Setuju | AT64: Cukup Setuju | AU64: Tidak Setuju | AV64: Hijau Tua | AW64: Setuju | AX64: Cukup Setuju | AY64: Cukup Setuju | AZ64: Setuju | BA64: Sangat Tidak Setuju | BB64: Cukup Setuju | BC64: Cukup Setuju | BD64: Setuju | BE64: Cukup Setuju | BF64: Kuning | BG64: Setuju | BH64: Tidak Setuju | BI64: Setuju | BJ64: Cukup Setuju | BK64: Tidak Setuju | BL64: Cukup Setuju | BM64: Cukup Setuju | BN64: Cukup Setuju | BO64: Setuju | BP64: Sangat Tidak Setuju | BQ64: Setuju | BR64: Tidak Setuju | BS64: Tidak Setuju | BT64: Setuju | BU64: Ungu | BV64: Setuju | BW64: Cukup Setuju | BX64: Cukup Setuju | BY64: Setuju | BZ64: Setuju | CA64: Cukup Setuju | CB64: Cukup Tidak Setuju | CC64: Cukup Setuju | CD64: Cukup Setuju | CE64: Sangat Setuju | CF64: Sangat Setuju | CG64: Sangat Setuju | CH64: Sangat Setuju | CI64: Sangat Setuju | CJ64: Setuju | CK64: Netral | CL64: Setuju | CM64: Sangat Setuju | CN64: Sangat Setuju | CO64: Hijau | CP64: Sangat Setuju | CQ64: Setuju | CR64: Setuju | CS64: Setuju | CT64: Selalu | CU64: Kadang-Kadang | CV64: Kadang-Kadang | CW64: Sering | CX64: Jarang | CY64: Kadang-Kadang | CZ64: Jarang | DA64: Tidak Pernah | DB64: Jarang | DC64: Kadang-Kadang | DD64: Jarang | DE64: Tidak Pernah | DF64: Jarang | DG64: Jarang | DH64: Orange | DI64: Jarang | DJ64: Jarang | DK64: Tidak Pernah | DL64: Tidak Pernah | DM64: Tidak Pernah | DN64: nalaniokalinac@gmail.com/ 1343220107 (BCA)
A65: 46251.949 | B65: Ya, saya bersedia berpartisipasi. | C65: Ya | D65: h | E65: Perempuan | F65: 20 | G65: universitas Islam negeri Bandung | H65: psikologi | I65: 3 | J65: Ciayumajakuning (Cirebon, Indramayu, Majalengka, Kuningan) | K65: Kota (Urban) | L65: Rumah Orang Tua/Wali | M65: Cukup Menggambarkan diri saya | N65: Netral | O65: Netral | P65: Cukup Menggambarkan diri saya | Q65: Cukup Tidak Menggambarkan diri saya | R65: Netral | S65: Netral | T65: Netral | U65: Netral | V65: Cukup Menggambarkan diri saya | W65: Biru | X65: Menggambarkan diri saya | Y65: Netral | Z65: Cukup Menggambarkan diri saya | AA65: Cukup Menggambarkan diri saya | AB65: Netral | AC65: Netral | AD65: Netral | AE65: Cukup Tidak Menggambarkan diri saya | AF65: Cukup Setuju | AG65: Netral | AH65: Cukup Setuju | AI65: Cukup Setuju | AJ65: Netral | AK65: Cukup Setuju | AL65: Cukup Tidak Setuju | AM65: Cukup Tidak Setuju | AN65: Cukup Setuju | AO65: Cukup Setuju | AP65: Cukup Tidak Setuju | AQ65: Cukup Setuju | AR65: Cukup Setuju | AS65: Cukup Setuju | AT65: Cukup Setuju | AU65: Cukup Tidak Setuju | AV65: Hijau Tua | AW65: Cukup Tidak Setuju | AX65: Cukup Setuju | AY65: Cukup Setuju | AZ65: Cukup Tidak Setuju | BA65: Cukup Tidak Setuju | BB65: Cukup Setuju | BC65: Cukup Setuju | BD65: Cukup Tidak Setuju | BE65: Cukup Setuju | BF65: Kuning | BG65: Setuju | BH65: Cukup Tidak Setuju | BI65: Cukup Setuju | BJ65: Cukup Tidak Setuju | BK65: Cukup Tidak Setuju | BL65: Cukup Setuju | BM65: Cukup Setuju | BN65: Cukup Tidak Setuju | BO65: Cukup Tidak Setuju | BP65: Cukup Tidak Setuju | BQ65: Cukup Setuju | BR65: Cukup Setuju | BS65: Cukup Tidak Setuju | BT65: Cukup Setuju | BU65: Ungu | BV65: Cukup Setuju | BW65: Cukup Setuju | BX65: Cukup Tidak Setuju | BY65: Cukup Setuju | BZ65: Cukup Setuju | CA65: Cukup Setuju | CB65: Cukup Setuju | CC65: Cukup Setuju | CD65: Cukup Setuju | CE65: Setuju | CF65: Setuju | CG65: Setuju | CH65: Setuju | CI65: Setuju | CJ65: Setuju | CK65: Netral | CL65: Setuju | CM65: Setuju | CN65: Setuju | CO65: Hijau | CP65: Setuju | CQ65: Setuju | CR65: Netral | CS65: Setuju | CT65: Kadang-Kadang | CU65: Jarang | CV65: Kadang-Kadang | CW65: Kadang-Kadang | CX65: Jarang | CY65: Kadang-Kadang | CZ65: Kadang-Kadang | DA65: Jarang | DB65: Kadang-Kadang | DC65: Kadang-Kadang | DD65: Jarang | DE65: Tidak Pernah | DF65: Tidak Pernah | DG65: Jarang | DH65: Orange | DI65: Jarang | DJ65: Jarang | DK65: Tidak Pernah | DL65: Tidak Pernah | DM65: Jarang | DN65: dana 0895632554300/ email tugashanarizkillah@gmail.com
A66: 46251.949 | B66: Ya, saya bersedia berpartisipasi. | C66: Ya | D66: Fahrezi | E66: Laki-laki | F66: 19 | G66: IPB UNIVERSITY | H66: Sekolah Vokasi | I66: 3 | J66: Bodebekpunjur (Bogor, Depok, Bekasi, Puncak, Cianjur) | K66: Pinggiran Kota (Sub Urban) | L66: Rumah Orang Tua/Wali | M66: Menggambarkan diri saya | N66: Cukup Tidak Menggambarkan diri saya | O66: Cukup Menggambarkan diri saya | P66: Netral | Q66: Tidak Menggambarkan diri saya | R66: Menggambarkan diri saya | S66: Menggambarkan diri saya | T66: Cukup Menggambarkan diri saya | U66: Cukup Menggambarkan diri saya | V66: Menggambarkan diri saya | W66: Biru | X66: Menggambarkan diri saya | Y66: Cukup Menggambarkan diri saya | Z66: Cukup Menggambarkan diri saya | AA66: Cukup Menggambarkan diri saya | AB66: Menggambarkan diri saya | AC66: Cukup Menggambarkan diri saya | AD66: Netral | AE66: Cukup Menggambarkan diri saya | AF66: Setuju | AG66: Cukup Setuju | AH66: Cukup Setuju | AI66: Netral | AJ66: Cukup Setuju | AK66: Setuju | AL66: Setuju | AM66: Setuju | AN66: Cukup Setuju | AO66: Cukup Tidak Setuju | AP66: Cukup Setuju | AQ66: Cukup Setuju | AR66: Cukup Setuju | AS66: Cukup Setuju | AT66: Setuju | AU66: Tidak Setuju | AV66: Hijau Tua | AW66: Setuju | AX66: Cukup Tidak Setuju | AY66: Cukup Tidak Setuju | AZ66: Cukup Setuju | BA66: Tidak Setuju | BB66: Setuju | BC66: Cukup Setuju | BD66: Cukup Setuju | BE66: Cukup Tidak Setuju | BF66: Kuning | BG66: Cukup Setuju | BH66: Tidak Setuju | BI66: Cukup Setuju | BJ66: Setuju | BK66: Cukup Tidak Setuju | BL66: Cukup Setuju | BM66: Cukup Tidak Setuju | BN66: Cukup Tidak Setuju | BO66: Sangat Setuju | BP66: Tidak Setuju | BQ66: Sangat Setuju | BR66: Tidak Setuju | BS66: Tidak Setuju | BT66: Setuju | BU66: Ungu | BV66: Setuju | BW66: Cukup Tidak Setuju | BX66: Cukup Setuju | BY66: Setuju | BZ66: Cukup Tidak Setuju | CA66: Cukup Setuju | CB66: Cukup Tidak Setuju | CC66: Cukup Tidak Setuju | CD66: Setuju | CE66: Setuju | CF66: Setuju | CG66: Setuju | CH66: Setuju | CI66: Setuju | CJ66: Setuju | CK66: Setuju | CL66: Setuju | CM66: Setuju | CN66: Setuju | CO66: Hijau | CP66: Setuju | CQ66: Setuju | CR66: Setuju | CS66: Setuju | CT66: Sering | CU66: Sering | CV66: Sering | CW66: Sering | CX66: Sering | CY66: Sering | CZ66: Sering | DA66: Sering | DB66: Sering | DC66: Sering | DD66: Sering | DE66: Sering | DF66: Sering | DG66: Sering | DH66: Orange | DI66: Sering | DJ66: Sering | DK66: Sering | DL66: Sering | DM66: Sering | DN66: 085777477168 (Fahrezi Farras Fiqria Hendriawan)
A67: 46252.015 | B67: Ya, saya bersedia berpartisipasi. | C67: Ya | D67: NSJ | E67: Perempuan | F67: 18 | G67: UNIVERSITAS PADJADJARAN | H67: Psikologi | I67: 1 | J67: Cekungan Bandung (Kota Bandung, Kab. Bandung, Bandung Barat, Cimahi, Sumedang) | K67: Pinggiran Kota (Sub Urban) | L67: Kos/Kontrakan | M67: Netral | N67: Tidak Menggambarkan diri saya | O67: Sangat menggambarkan diri saya | P67: Menggambarkan diri saya | Q67: Cukup Tidak Menggambarkan diri saya | R67: Sangat menggambarkan diri saya | S67: Sangat menggambarkan diri saya | T67: Cukup Menggambarkan diri saya | U67: Tidak Menggambarkan diri saya | V67: Cukup Menggambarkan diri saya | W67: Biru | X67: Cukup Menggambarkan diri saya | Y67: Sangat menggambarkan diri saya | Z67: Cukup Menggambarkan diri saya | AA67: Cukup Menggambarkan diri saya | AB67: Tidak Menggambarkan diri saya | AC67: Tidak Menggambarkan diri saya | AD67: Netral | AE67: Cukup Menggambarkan diri saya | AF67: Sangat Setuju | AG67: Sangat Setuju | AH67: Sangat Setuju | AI67: Sangat Setuju | AJ67: Sangat Setuju | AK67: Setuju | AL67: Cukup Setuju | AM67: Cukup Tidak Setuju | AN67: Sangat Setuju | AO67: Cukup Setuju | AP67: Cukup Setuju | AQ67: Tidak Setuju | AR67: Cukup Setuju | AS67: Cukup Setuju | AT67: Sangat Setuju | AU67: Cukup Setuju | AV67: Hijau Tua | AW67: Setuju | AX67: Sangat Setuju | AY67: Setuju | AZ67: Cukup Setuju | BA67: Sangat Tidak Setuju | BB67: Sangat Setuju | BC67: Tidak Setuju | BD67: Setuju | BE67: Cukup Tidak Setuju | BF67: Kuning | BG67: Sangat Setuju | BH67: Tidak Setuju | BI67: Sangat Setuju | BJ67: Cukup Tidak Setuju | BK67: Cukup Tidak Setuju | BL67: Cukup Setuju | BM67: Setuju | BN67: Tidak Setuju | BO67: Setuju | BP67: Cukup Setuju | BQ67: Cukup Setuju | BR67: Cukup Tidak Setuju | BS67: Tidak Setuju | BT67: Cukup Setuju | BU67: Ungu | BV67: Cukup Setuju | BW67: Tidak Setuju | BX67: Cukup Setuju | BY67: Tidak Setuju | BZ67: Cukup Tidak Setuju | CA67: Setuju | CB67: Cukup Tidak Setuju | CC67: Setuju | CD67: Setuju | CE67: Sangat Setuju | CF67: Sangat Setuju | CG67: Sangat Setuju | CH67: Sangat Setuju | CI67: Sangat Setuju | CJ67: Setuju | CK67: Sangat Setuju | CL67: Sangat Setuju | CM67: Sangat Setuju | CN67: Sangat Setuju | CO67: Hijau | CP67: Sangat Setuju | CQ67: Sangat Setuju | CR67: Sangat Setuju | CS67: Sangat Setuju | CT67: Kadang-Kadang | CU67: Jarang | CV67: Sering | CW67: Sering | CX67: Jarang | CY67: Selalu | CZ67: Jarang | DA67: Jarang | DB67: Selalu | DC67: Selalu | DD67: Selalu | DE67: Jarang | DF67: Tidak Pernah | DG67: Kadang-Kadang | DH67: Orange | DI67: Sering | DJ67: Tidak Pernah | DK67: Tidak Pernah | DL67: Tidak Pernah | DM67: Tidak Pernah | DN67: nisrinablink@gmail.com
A68: 46252.431 | B68: Tidak, saya tidak bersedia berpartisipasi.
A69: 46252.878 | B69: Ya, saya bersedia berpartisipasi. | C69: Ya | D69: KHS | E69: Laki-laki | F69: 18 | G69: Universitas Padjadjaran | H69: Psikologi/Psikologi | I69: 3 | J69: Cekungan Bandung (Kota Bandung, Kab. Bandung, Bandung Barat, Cimahi, Sumedang) | K69: Pinggiran Kota (Sub Urban) | L69: Kos/Kontrakan | M69: Cukup Menggambarkan diri saya | N69: Netral | O69: Cukup Menggambarkan diri saya | P69: Cukup Menggambarkan diri saya | Q69: Cukup Tidak Menggambarkan diri saya | R69: Cukup Menggambarkan diri saya | S69: Cukup Menggambarkan diri saya | T69: Menggambarkan diri saya | U69: Menggambarkan diri saya | V69: Menggambarkan diri saya | W69: Biru | X69: Cukup Menggambarkan diri saya | Y69: Cukup Menggambarkan diri saya | Z69: Cukup Menggambarkan diri saya | AA69: Menggambarkan diri saya | AB69: Menggambarkan diri saya | AC69: Menggambarkan diri saya | AD69: Cukup Menggambarkan diri saya | AE69: Netral | AF69: Setuju | AG69: Cukup Setuju | AH69: Netral | AI69: Cukup Setuju | AJ69: Cukup Setuju | AK69: Cukup Setuju | AL69: Setuju | AM69: Setuju | AN69: Cukup Setuju | AO69: Cukup Setuju | AP69: Setuju | AQ69: Setuju | AR69: Setuju | AS69: Cukup Setuju | AT69: Cukup Setuju | AU69: Cukup Tidak Setuju | AV69: Hijau Tua | AW69: Cukup Setuju | AX69: Cukup Setuju | AY69: Cukup Setuju | AZ69: Setuju | BA69: Tidak Setuju | BB69: Setuju | BC69: Sangat Tidak Setuju | BD69: Cukup Setuju | BE69: Cukup Tidak Setuju | BF69: Kuning | BG69: Setuju | BH69: Sangat Tidak Setuju | BI69: Cukup Setuju | BJ69: Cukup Setuju | BK69: Cukup Tidak Setuju | BL69: Setuju | BM69: Cukup Setuju | BN69: Cukup Tidak Setuju | BO69: Setuju | BP69: Cukup Tidak Setuju | BQ69: Cukup Setuju | BR69: Cukup Tidak Setuju | BS69: Cukup Tidak Setuju | BT69: Cukup Setuju | BU69: Ungu | BV69: Cukup Setuju | BW69: Cukup Tidak Setuju | BX69: Cukup Setuju | BY69: Cukup Setuju | BZ69: Cukup Setuju | CA69: Cukup Setuju | CB69: Tidak Setuju | CC69: Cukup Setuju | CD69: Cukup Setuju | CE69: Sangat Setuju | CF69: Sangat Setuju | CG69: Sangat Setuju | CH69: Sangat Setuju | CI69: Sangat Setuju | CJ69: Sangat Setuju | CK69: Setuju | CL69: Sangat Setuju | CM69: Sangat Setuju | CN69: Sangat Setuju | CO69: Hijau | CP69: Sangat Setuju | CQ69: Sangat Setuju | CR69: Sangat Setuju | CS69: Sangat Setuju | CT69: Kadang-Kadang | CU69: Sering | CV69: Sering | CW69: Kadang-Kadang | CX69: Kadang-Kadang | CY69: Kadang-Kadang | CZ69: Kadang-Kadang | DA69: Kadang-Kadang | DB69: Kadang-Kadang | DC69: Kadang-Kadang | DD69: Kadang-Kadang | DE69: Kadang-Kadang | DF69: Kadang-Kadang | DG69: Kadang-Kadang | DH69: Orange | DI69: Kadang-Kadang | DJ69: Kadang-Kadang | DK69: Jarang | DL69: Jarang | DM69: Kadang-Kadang | DN69: kenneth25002@mail.unpad.ac.id
A70: 46253.552 | B70: Ya, saya bersedia berpartisipasi. | C70: Ya | D70: AY | E70: Laki-laki | F70: 21 | G70: Universitas Islam Bandung | H70: Psikologi | I70: 7 | J70: Cekungan Bandung (Kota Bandung, Kab. Bandung, Bandung Barat, Cimahi, Sumedang) | K70: Kota (Urban) | L70: Rumah Orang Tua/Wali | M70: Cukup Menggambarkan diri saya | N70: Cukup Menggambarkan diri saya | O70: Menggambarkan diri saya | P70: Menggambarkan diri saya | Q70: Netral | R70: Menggambarkan diri saya | S70: Menggambarkan diri saya | T70: Sangat menggambarkan diri saya | U70: Cukup Menggambarkan diri saya | V70: Menggambarkan diri saya | W70: Biru | X70: Sangat menggambarkan diri saya | Y70: Cukup Menggambarkan diri saya | Z70: Menggambarkan diri saya | AA70: Sangat menggambarkan diri saya | AB70: Menggambarkan diri saya | AC70: Cukup Menggambarkan diri saya | AD70: Menggambarkan diri saya | AE70: Netral | AF70: Setuju | AG70: Setuju | AH70: Setuju | AI70: Cukup Setuju | AJ70: Cukup Setuju | AK70: Cukup Setuju | AL70: Cukup Setuju | AM70: Cukup Setuju | AN70: Cukup Setuju | AO70: Cukup Tidak Setuju | AP70: Setuju | AQ70: Cukup Tidak Setuju | AR70: Cukup Setuju | AS70: Setuju | AT70: Setuju | AU70: Tidak Setuju | AV70: Hijau Tua | AW70: Cukup Setuju | AX70: Cukup Tidak Setuju | AY70: Cukup Tidak Setuju | AZ70: Cukup Tidak Setuju | BA70: Cukup Setuju | BB70: Cukup Setuju | BC70: Cukup Tidak Setuju | BD70: Cukup Setuju | BE70: Cukup Setuju | BF70: Kuning | BG70: Setuju | BH70: Tidak Setuju | BI70: Setuju | BJ70: Tidak Setuju | BK70: Cukup Tidak Setuju | BL70: Cukup Setuju | BM70: Setuju | BN70: Cukup Tidak Setuju | BO70: Cukup Setuju | BP70: Cukup Tidak Setuju | BQ70: Setuju | BR70: Cukup Tidak Setuju | BS70: Cukup Setuju | BT70: Cukup Setuju | BU70: Ungu | BV70: Cukup Setuju | BW70: Cukup Tidak Setuju | BX70: Cukup Setuju | BY70: Setuju | BZ70: Cukup Setuju | CA70: Cukup Setuju | CB70: Cukup Tidak Setuju | CC70: Cukup Tidak Setuju | CD70: Cukup Setuju | CE70: Sangat Setuju | CF70: Sangat Setuju | CG70: Sangat Setuju | CH70: Sangat Setuju | CI70: Sangat Setuju | CJ70: Setuju | CK70: Setuju | CL70: Setuju | CM70: Setuju | CN70: Setuju | CO70: Hijau | CP70: Setuju | CQ70: Setuju | CR70: Setuju | CS70: Setuju | CT70: Sering | CU70: Sering | CV70: Sering | CW70: Sering | CX70: Kadang-Kadang | CY70: Jarang | CZ70: Kadang-Kadang | DA70: Kadang-Kadang | DB70: Kadang-Kadang | DC70: Kadang-Kadang | DD70: Sering | DE70: Tidak Pernah | DF70: Tidak Pernah | DG70: Jarang | DH70: Orange | DI70: Kadang-Kadang | DJ70: Tidak Pernah | DK70: Tidak Pernah | DL70: Tidak Pernah | DM70: Jarang | DN70: yudistiraandesta50@gmail.com/Shopeepay-082115599391
A71: 46253.572 | B71: Ya, saya bersedia berpartisipasi. | C71: Ya | D71: KU | E71: Perempuan | F71: 21 | G71: UNISBA | H71: Psikologi | I71: 7 | J71: Cekungan Bandung (Kota Bandung, Kab. Bandung, Bandung Barat, Cimahi, Sumedang) | K71: Kota (Urban) | L71: Rumah Orang Tua/Wali | M71: Menggambarkan diri saya | N71: Cukup Menggambarkan diri saya | O71: Menggambarkan diri saya | P71: Menggambarkan diri saya | Q71: Cukup Tidak Menggambarkan diri saya | R71: Netral | S71: Cukup Menggambarkan diri saya | T71: Cukup Menggambarkan diri saya | U71: Cukup Tidak Menggambarkan diri saya | V71: Sangat menggambarkan diri saya | W71: Biru | X71: Menggambarkan diri saya | Y71: Cukup Menggambarkan diri saya | Z71: Menggambarkan diri saya | AA71: Cukup Menggambarkan diri saya | AB71: Sangat menggambarkan diri saya | AC71: Menggambarkan diri saya | AD71: Cukup Menggambarkan diri saya | AE71: Netral | AF71: Cukup Setuju | AG71: Cukup Setuju | AH71: Cukup Setuju | AI71: Cukup Setuju | AJ71: Netral | AK71: Cukup Setuju | AL71: Cukup Setuju | AM71: Cukup Setuju | AN71: Cukup Tidak Setuju | AO71: Cukup Tidak Setuju | AP71: Cukup Setuju | AQ71: Cukup Setuju | AR71: Sangat Setuju | AS71: Setuju | AT71: Cukup Tidak Setuju | AU71: Cukup Tidak Setuju | AV71: Hijau Tua | AW71: Cukup Setuju | AX71: Cukup Tidak Setuju | AY71: Cukup Tidak Setuju | AZ71: Cukup Setuju | BA71: Tidak Setuju | BB71: Setuju | BC71: Sangat Tidak Setuju | BD71: Sangat Setuju | BE71: Tidak Setuju | BF71: Kuning | BG71: Sangat Setuju | BH71: Sangat Tidak Setuju | BI71: Setuju | BJ71: Tidak Setuju | BK71: Cukup Tidak Setuju | BL71: Sangat Setuju | BM71: Cukup Setuju | BN71: Tidak Setuju | BO71: Setuju | BP71: Cukup Setuju | BQ71: Setuju | BR71: Sangat Tidak Setuju | BS71: Tidak Setuju | BT71: Cukup Setuju | BU71: Ungu | BV71: Cukup Setuju | BW71: Sangat Tidak Setuju | BX71: Sangat Setuju | BY71: Sangat Setuju | BZ71: Tidak Setuju | CA71: Sangat Setuju | CB71: Tidak Setuju | CC71: Cukup Tidak Setuju | CD71: Cukup Tidak Setuju | CE71: Sangat Setuju | CF71: Sangat Setuju | CG71: Sangat Setuju | CH71: Sangat Setuju | CI71: Sangat Setuju | CJ71: Tidak Setuju | CK71: Netral | CL71: Setuju | CM71: Setuju | CN71: Sangat Setuju | CO71: Hijau | CP71: Setuju | CQ71: Setuju | CR71: Setuju | CS71: Setuju | CT71: Kadang-Kadang | CU71: Sering | CV71: Kadang-Kadang | CW71: Kadang-Kadang | CX71: Jarang | CY71: Jarang | CZ71: Tidak Pernah | DA71: Tidak Pernah | DB71: Kadang-Kadang | DC71: Jarang | DD71: Jarang | DE71: Tidak Pernah | DF71: Tidak Pernah | DG71: Tidak Pernah | DH71: Orange | DI71: Tidak Pernah | DJ71: Tidak Pernah | DK71: Tidak Pernah | DL71: Tidak Pernah | DM71: Sering
A72: 46253.778 | B72: Ya, saya bersedia berpartisipasi. | C72: Ya | D72: H | E72: Perempuan | F72: 19 | G72: IPB University | H72: Sekolah Vokasi / Akuntansi | I72: 3 | J72: Bodebekpunjur (Bogor, Depok, Bekasi, Puncak, Cianjur) | K72: Kota (Urban) | L72: Kos/Kontrakan | M72: Menggambarkan diri saya | N72: Menggambarkan diri saya | O72: Menggambarkan diri saya | P72: Menggambarkan diri saya | Q72: Netral | R72: Menggambarkan diri saya | S72: Menggambarkan diri saya | T72: Menggambarkan diri saya | U72: Menggambarkan diri saya | V72: Menggambarkan diri saya | W72: Biru | X72: Menggambarkan diri saya | Y72: Menggambarkan diri saya | Z72: Menggambarkan diri saya | AA72: Menggambarkan diri saya | AB72: Menggambarkan diri saya | AC72: Menggambarkan diri saya | AD72: Menggambarkan diri saya | AE72: Cukup Menggambarkan diri saya | AF72: Setuju | AG72: Setuju | AH72: Setuju | AI72: Setuju | AJ72: Setuju | AK72: Setuju | AL72: Setuju | AM72: Setuju | AN72: Cukup Setuju | AO72: Cukup Setuju | AP72: Cukup Setuju | AQ72: Cukup Setuju | AR72: Setuju | AS72: Setuju | AT72: Cukup Setuju | AU72: Tidak Setuju | AV72: Hijau Tua | AW72: Setuju | AX72: Cukup Tidak Setuju | AY72: Cukup Tidak Setuju | AZ72: Setuju | BA72: Tidak Setuju | BB72: Setuju | BC72: Cukup Setuju | BD72: Cukup Setuju | BE72: Cukup Tidak Setuju | BF72: Kuning | BG72: Setuju | BH72: Tidak Setuju | BI72: Setuju | BJ72: Tidak Setuju | BK72: Cukup Setuju | BL72: Setuju | BM72: Setuju | BN72: Tidak Setuju | BO72: Setuju | BP72: Tidak Setuju | BQ72: Setuju | BR72: Tidak Setuju | BS72: Tidak Setuju | BT72: Setuju | BU72: Ungu | BV72: Setuju | BW72: Tidak Setuju | BX72: Cukup Setuju | BY72: Setuju | BZ72: Tidak Setuju | CA72: Setuju | CB72: Tidak Setuju | CC72: Cukup Setuju | CD72: Setuju | CE72: Setuju | CF72: Setuju | CG72: Setuju | CH72: Setuju | CI72: Setuju | CJ72: Setuju | CK72: Setuju | CL72: Setuju | CM72: Setuju | CN72: Setuju | CO72: Hijau | CP72: Setuju | CQ72: Setuju | CR72: Setuju | CS72: Setuju | CT72: Sering | CU72: Selalu | CV72: Sering | CW72: Sering | CX72: Sering | CY72: Sering | CZ72: Kadang-Kadang | DA72: Kadang-Kadang | DB72: Jarang | DC72: Jarang | DD72: Sering | DE72: Tidak Pernah | DF72: Tidak Pernah | DG72: Sering | DH72: Orange | DI72: Jarang | DJ72: Jarang | DK72: Kadang-Kadang | DL72: Tidak Pernah | DM72: Sering | DN72: -
A73: 46253.843 | B73: Ya, saya bersedia berpartisipasi. | C73: Ya | D73: f | E73: Perempuan | F73: 22 | G73: UNISBA | H73: Psikologi | I73: 7 | J73: Cekungan Bandung (Kota Bandung, Kab. Bandung, Bandung Barat, Cimahi, Sumedang) | K73: Kota (Urban) | L73: Kos/Kontrakan | M73: Sangat menggambarkan diri saya | N73: Sangat menggambarkan diri saya | O73: Sangat menggambarkan diri saya | P73: Sangat menggambarkan diri saya | Q73: Netral | R73: Sangat menggambarkan diri saya | S73: Sangat menggambarkan diri saya | T73: Sangat menggambarkan diri saya | U73: Sangat menggambarkan diri saya | V73: Sangat menggambarkan diri saya | W73: Biru | X73: Sangat menggambarkan diri saya | Y73: Sangat menggambarkan diri saya | Z73: Sangat menggambarkan diri saya | AA73: Sangat menggambarkan diri saya | AB73: Sangat menggambarkan diri saya | AC73: Sangat menggambarkan diri saya | AD73: Sangat menggambarkan diri saya | AE73: Sangat menggambarkan diri saya | AF73: Sangat Setuju | AG73: Sangat Setuju | AH73: Sangat Setuju | AI73: Setuju | AJ73: Setuju | AK73: Cukup Setuju | AL73: Cukup Setuju | AM73: Sangat Setuju | AN73: Sangat Setuju | AO73: Sangat Setuju | AP73: Setuju | AQ73: Sangat Setuju | AR73: Cukup Setuju | AS73: Sangat Setuju | AT73: Sangat Setuju | AU73: Tidak Setuju | AV73: Hijau Tua | AW73: Sangat Setuju | AX73: Cukup Setuju | AY73: Cukup Setuju | AZ73: Sangat Setuju | BA73: Sangat Tidak Setuju | BB73: Sangat Setuju | BC73: Cukup Setuju | BD73: Sangat Setuju | BE73: Setuju | BF73: Kuning | BG73: Sangat Setuju | BH73: Cukup Tidak Setuju | BI73: Sangat Setuju | BJ73: Sangat Tidak Setuju | BK73: Sangat Tidak Setuju | BL73: Setuju | BM73: Sangat Setuju | BN73: Sangat Tidak Setuju | BO73: Sangat Setuju | BP73: Cukup Tidak Setuju | BQ73: Sangat Setuju | BR73: Tidak Setuju | BS73: Tidak Setuju | BT73: Sangat Setuju | BU73: Ungu | BV73: Sangat Setuju | BW73: Cukup Setuju | BX73: Sangat Setuju | BY73: Sangat Setuju | BZ73: Cukup Setuju | CA73: Cukup Setuju | CB73: Setuju | CC73: Cukup Setuju | CD73: Cukup Setuju | CE73: Sangat Setuju | CF73: Sangat Setuju | CG73: Sangat Setuju | CH73: Sangat Setuju | CI73: Sangat Setuju | CJ73: Sangat Setuju | CK73: Sangat Setuju | CL73: Sangat Setuju | CM73: Sangat Setuju | CN73: Sangat Setuju | CO73: Hijau | CP73: Sangat Setuju | CQ73: Sangat Setuju | CR73: Sangat Setuju | CS73: Sangat Setuju | CT73: Selalu | CU73: Sering | CV73: Jarang | CW73: Jarang | CX73: Tidak Pernah | CY73: Jarang | CZ73: Kadang-Kadang | DA73: Kadang-Kadang | DB73: Jarang | DC73: Jarang | DD73: Sering | DE73: Kadang-Kadang | DF73: Tidak Pernah | DG73: Kadang-Kadang | DH73: Orange | DI73: Tidak Pernah | DJ73: Tidak Pernah | DK73: Tidak Pernah | DL73: Tidak Pernah | DM73: Kadang-Kadang | DN73: 087818994026 (dana)
A74: 46254.031 | B74: Ya, saya bersedia berpartisipasi. | C74: Ya | D74: Fari | E74: Laki-laki | F74: 19 | G74: Institut Pertanian Bogor | H74: Akuntansi | I74: 3 | J74: Bodebekpunjur (Bogor, Depok, Bekasi, Puncak, Cianjur) | K74: Kota (Urban) | L74: Rumah Orang Tua/Wali | M74: Cukup Menggambarkan diri saya | N74: Netral | O74: Menggambarkan diri saya | P74: Sangat menggambarkan diri saya | Q74: Netral | R74: Cukup Menggambarkan diri saya | S74: Netral | T74: Sangat menggambarkan diri saya | U74: Netral | V74: Cukup Menggambarkan diri saya | W74: Biru | X74: Sangat menggambarkan diri saya | Y74: Cukup Menggambarkan diri saya | Z74: Sangat menggambarkan diri saya | AA74: Sangat menggambarkan diri saya | AB74: Netral | AC74: Netral | AD74: Netral | AE74: Netral | AF74: Setuju | AG74: Setuju | AH74: Setuju | AI74: Setuju | AJ74: Cukup Setuju | AK74: Setuju | AL74: Cukup Setuju | AM74: Cukup Setuju | AN74: Cukup Setuju | AO74: Cukup Setuju | AP74: Cukup Setuju | AQ74: Cukup Setuju | AR74: Cukup Setuju | AS74: Cukup Setuju | AT74: Cukup Setuju | AU74: Cukup Setuju | AV74: Hijau Tua | AW74: Cukup Setuju | AX74: Cukup Setuju | AY74: Cukup Setuju | AZ74: Cukup Setuju | BA74: Cukup Setuju | BB74: Cukup Setuju | BC74: Cukup Setuju | BD74: Cukup Setuju | BE74: Cukup Setuju | BF74: Kuning | BG74: Cukup Setuju | BH74: Cukup Setuju | BI74: Cukup Setuju | BJ74: Cukup Setuju | BK74: Cukup Setuju | BL74: Cukup Setuju | BM74: Cukup Setuju | BN74: Cukup Setuju | BO74: Cukup Setuju | BP74: Cukup Setuju | BQ74: Sangat Setuju | BR74: Tidak Setuju | BS74: Tidak Setuju | BT74: Setuju | BU74: Ungu | BV74: Setuju | BW74: Tidak Setuju | BX74: Sangat Setuju | BY74: Sangat Setuju | BZ74: Setuju | CA74: Setuju | CB74: Setuju | CC74: Cukup Setuju | CD74: Setuju | CE74: Netral | CF74: Netral | CG74: Netral | CH74: Netral | CI74: Netral | CJ74: Netral | CK74: Netral | CL74: Netral | CM74: Netral | CN74: Netral | CO74: Hijau | CP74: Netral | CQ74: Netral | CR74: Netral | CS74: Netral | CT74: Kadang-Kadang | CU74: Selalu | CV74: Sering | CW74: Sering | CX74: Tidak Pernah | CY74: Kadang-Kadang | CZ74: Tidak Pernah | DA74: Kadang-Kadang | DB74: Jarang | DC74: Jarang | DD74: Sering | DE74: Kadang-Kadang | DF74: Kadang-Kadang | DG74: Kadang-Kadang | DH74: Orange | DI74: Kadang-Kadang | DJ74: Kadang-Kadang | DK74: Kadang-Kadang | DL74: Kadang-Kadang | DM74: Kadang-Kadang
A75: 46254.57 | B75: Ya, saya bersedia berpartisipasi. | C75: Ya | D75: N | E75: Perempuan | F75: 20 | G75: Institut Pertanian Bogor | H75: Manajemen Agribisnis | I75: 3 | J75: Sukabumi dan Sekitarnya | K75: Kota (Urban) | L75: Rumah Orang Tua/Wali | M75: Sangat menggambarkan diri saya | N75: Cukup Menggambarkan diri saya | O75: Cukup Menggambarkan diri saya | P75: Menggambarkan diri saya | Q75: Tidak Menggambarkan diri saya | R75: Netral | S75: Netral | T75: Menggambarkan diri saya | U75: Cukup Menggambarkan diri saya | V75: Menggambarkan diri saya | W75: Biru | X75: Sangat menggambarkan diri saya | Y75: Netral | Z75: Sangat menggambarkan diri saya | AA75: Cukup Menggambarkan diri saya | AB75: Cukup Menggambarkan diri saya | AC75: Netral | AD75: Netral | AE75: Netral | AF75: Netral | AG75: Cukup Setuju | AH75: Cukup Setuju | AI75: Netral | AJ75: Netral | AK75: Netral | AL75: Tidak Setuju | AM75: Tidak Setuju | AN75: Cukup Setuju | AO75: Cukup Setuju | AP75: Setuju | AQ75: Setuju | AR75: Setuju | AS75: Setuju | AT75: Sangat Setuju | AU75: Sangat Setuju | AV75: Hijau Tua | AW75: Sangat Setuju | AX75: Sangat Setuju | AY75: Setuju | AZ75: Setuju | BA75: Setuju | BB75: Setuju | BC75: Setuju | BD75: Cukup Setuju | BE75: Setuju | BF75: Kuning | BG75: Sangat Setuju | BH75: Setuju | BI75: Setuju | BJ75: Setuju | BK75: Setuju | BL75: Setuju | BM75: Setuju | BN75: Setuju | BO75: Setuju | BP75: Setuju | BQ75: Setuju | BR75: Setuju | BS75: Setuju | BT75: Setuju | BU75: Ungu | BV75: Cukup Setuju | BW75: Setuju | BX75: Setuju | BY75: Setuju | BZ75: Setuju | CA75: Setuju | CB75: Setuju | CC75: Setuju | CD75: Setuju | CE75: Setuju | CF75: Sangat Setuju | CG75: Sangat Setuju | CH75: Sangat Setuju | CI75: Sangat Setuju | CJ75: Sangat Setuju | CK75: Sangat Setuju | CL75: Sangat Setuju | CM75: Sangat Setuju | CN75: Sangat Setuju | CO75: Hijau | CP75: Sangat Setuju | CQ75: Sangat Setuju | CR75: Sangat Setuju | CS75: Sangat Setuju | CT75: Jarang | CU75: Jarang | CV75: Tidak Pernah | CW75: Jarang | CX75: Jarang | CY75: Kadang-Kadang | CZ75: Jarang | DA75: Jarang | DB75: Jarang | DC75: Jarang | DD75: Jarang | DE75: Jarang | DF75: Jarang | DG75: Jarang | DH75: Kuning | DI75: Jarang | DJ75: Jarang | DK75: Jarang | DL75: Jarang | DM75: Jarang | DN75: nurfadillah80612@gmail.com
A76: 46254.571 | B76: Ya, saya bersedia berpartisipasi. | C76: Ya | D76: Annisa | E76: Perempuan | F76: 19 | G76: IPB | H76: Sekolah Vokasi | I76: 3 | J76: Sukabumi dan Sekitarnya | K76: Kota (Urban) | L76: Kos/Kontrakan | M76: Netral | N76: Netral | O76: Netral | P76: Netral | Q76: Netral | R76: Netral | S76: Netral | T76: Netral | U76: Netral | V76: Netral | W76: Biru | X76: Netral | Y76: Netral | Z76: Netral | AA76: Netral | AB76: Netral | AC76: Netral | AD76: Netral | AE76: Cukup Menggambarkan diri saya | AF76: Setuju | AG76: Setuju | AH76: Setuju | AI76: Setuju | AJ76: Setuju | AK76: Setuju | AL76: Setuju | AM76: Setuju | AN76: Setuju | AO76: Setuju | AP76: Setuju | AQ76: Setuju | AR76: Setuju | AS76: Cukup Setuju | AT76: Setuju | AU76: Tidak Setuju | AV76: Hijau Tua | AW76: Sangat Setuju | AX76: Setuju | AY76: Setuju | AZ76: Setuju | BA76: Setuju | BB76: Setuju | BC76: Setuju | BD76: Setuju | BE76: Setuju | BF76: Kuning | BG76: Setuju | BH76: Setuju | BI76: Setuju | BJ76: Cukup Setuju | BK76: Setuju | BL76: Setuju | BM76: Setuju | BN76: Cukup Setuju | BO76: Cukup Setuju | BP76: Cukup Setuju | BQ76: Cukup Setuju | BR76: Cukup Setuju | BS76: Cukup Setuju | BT76: Cukup Setuju | BU76: Ungu | BV76: Cukup Setuju | BW76: Cukup Setuju | BX76: Cukup Setuju | BY76: Cukup Setuju | BZ76: Cukup Setuju | CA76: Cukup Setuju | CB76: Cukup Setuju | CC76: Cukup Setuju | CD76: Cukup Setuju | CE76: Netral | CF76: Netral | CG76: Netral | CH76: Netral | CI76: Netral | CJ76: Netral | CK76: Netral | CL76: Netral | CM76: Netral | CN76: Netral | CO76: Hijau | CP76: Netral | CQ76: Netral | CR76: Netral | CS76: Netral | CT76: Kadang-Kadang | CU76: Kadang-Kadang | CV76: Kadang-Kadang | CW76: Kadang-Kadang | CX76: Kadang-Kadang | CY76: Kadang-Kadang | CZ76: Kadang-Kadang | DA76: Kadang-Kadang | DB76: Kadang-Kadang | DC76: Kadang-Kadang | DD76: Kadang-Kadang | DE76: Kadang-Kadang | DF76: Kadang-Kadang | DG76: Kadang-Kadang | DH76: Orange | DI76: Kadang-Kadang | DJ76: Kadang-Kadang | DK76: Kadang-Kadang | DL76: Kadang-Kadang | DM76: Kadang-Kadang | DN76: dana 0887437025469
A77: 46254.796 | B77: Ya, saya bersedia berpartisipasi. | C77: Ya | D77: EJ | E77: Perempuan | F77: 21 | G77: Universitas Kristen Maranatha | H77: Psikologi | I77: 7 | J77: Cekungan Bandung (Kota Bandung, Kab. Bandung, Bandung Barat, Cimahi, Sumedang) | K77: Kota (Urban) | L77: Rumah Orang Tua/Wali | M77: Cukup Menggambarkan diri saya | N77: Netral | O77: Cukup Menggambarkan diri saya | P77: Menggambarkan diri saya | Q77: Cukup Tidak Menggambarkan diri saya | R77: Cukup Menggambarkan diri saya | S77: Netral | T77: Menggambarkan diri saya | U77: Cukup Menggambarkan diri saya | V77: Cukup Menggambarkan diri saya | W77: Biru | X77: Menggambarkan diri saya | Y77: Menggambarkan diri saya | Z77: Menggambarkan diri saya | AA77: Cukup Menggambarkan diri saya | AB77: Cukup Menggambarkan diri saya | AC77: Netral | AD77: Cukup Menggambarkan diri saya | AE77: Netral | AF77: Cukup Setuju | AG77: Cukup Setuju | AH77: Cukup Setuju | AI77: Cukup Setuju | AJ77: Cukup Setuju | AK77: Cukup Setuju | AL77: Cukup Setuju | AM77: Cukup Tidak Setuju | AN77: Cukup Tidak Setuju | AO77: Cukup Setuju | AP77: Cukup Setuju | AQ77: Cukup Tidak Setuju | AR77: Cukup Setuju | AS77: Cukup Setuju | AT77: Cukup Setuju | AU77: Tidak Setuju | AV77: Hijau Tua | AW77: Cukup Setuju | AX77: Cukup Tidak Setuju | AY77: Cukup Setuju | AZ77: Cukup Setuju | BA77: Tidak Setuju | BB77: Cukup Setuju | BC77: Sangat Tidak Setuju | BD77: Setuju | BE77: Tidak Setuju | BF77: Kuning | BG77: Setuju | BH77: Tidak Setuju | BI77: Cukup Setuju | BJ77: Sangat Tidak Setuju | BK77: Sangat Tidak Setuju | BL77: Sangat Tidak Setuju | BM77: Setuju | BN77: Sangat Tidak Setuju | BO77: Setuju | BP77: Tidak Setuju | BQ77: Setuju | BR77: Tidak Setuju | BS77: Sangat Tidak Setuju | BT77: Setuju | BU77: Ungu | BV77: Setuju | BW77: Setuju | BX77: Setuju | BY77: Setuju | BZ77: Cukup Setuju | CA77: Cukup Setuju | CB77: Cukup Setuju | CC77: Tidak Setuju | CD77: Cukup Setuju | CE77: Setuju | CF77: Setuju | CG77: Setuju | CH77: Setuju | CI77: Setuju | CJ77: Setuju | CK77: Setuju | CL77: Setuju | CM77: Setuju | CN77: Setuju | CO77: Hijau | CP77: Setuju | CQ77: Setuju | CR77: Setuju | CS77: Setuju | CT77: Jarang | CU77: Sering | CV77: Kadang-Kadang | CW77: Kadang-Kadang | CX77: Jarang | CY77: Jarang | CZ77: Jarang | DA77: Jarang | DB77: Jarang | DC77: Jarang | DD77: Jarang | DE77: Jarang | DF77: Tidak Pernah | DG77: Jarang | DH77: Orange | DI77: Jarang | DJ77: Jarang | DK77: Jarang | DL77: Jarang | DM77: Kadang-Kadang | DN77: emilyjeanette1@gmail.com/ 081221110557
A78: 46254.802 | B78: Ya, saya bersedia berpartisipasi. | C78: Ya | D78: I | E78: Perempuan | F78: 20 | G78: SATU University | H78: Psikologi | I78: 5 | J78: Cekungan Bandung (Kota Bandung, Kab. Bandung, Bandung Barat, Cimahi, Sumedang) | K78: Kota (Urban) | L78: Kos/Kontrakan | M78: Menggambarkan diri saya | N78: Netral | O78: Netral | P78: Sangat menggambarkan diri saya | Q78: Tidak Menggambarkan diri saya | R78: Netral | S78: Menggambarkan diri saya | T78: Menggambarkan diri saya | U78: Netral | V78: Menggambarkan diri saya | W78: Biru | X78: Menggambarkan diri saya | Y78: Cukup Menggambarkan diri saya | Z78: Menggambarkan diri saya | AA78: Menggambarkan diri saya | AB78: Menggambarkan diri saya | AC78: Menggambarkan diri saya | AD78: Netral | AE78: Netral | AF78: Setuju | AG78: Setuju | AH78: Setuju | AI78: Setuju | AJ78: Netral | AK78: Setuju | AL78: Setuju | AM78: Setuju | AN78: Cukup Setuju | AO78: Cukup Tidak Setuju | AP78: Setuju | AQ78: Tidak Setuju | AR78: Cukup Setuju | AS78: Setuju | AT78: Cukup Tidak Setuju | AU78: Tidak Setuju | AV78: Hijau Tua | AW78: Setuju | AX78: Cukup Setuju | AY78: Tidak Setuju | AZ78: Setuju | BA78: Tidak Setuju | BB78: Setuju | BC78: Tidak Setuju | BD78: Setuju | BE78: Tidak Setuju | BF78: Kuning | BG78: Setuju | BH78: Tidak Setuju | BI78: Cukup Setuju | BJ78: Tidak Setuju | BK78: Cukup Tidak Setuju | BL78: Setuju | BM78: Cukup Setuju | BN78: Tidak Setuju | BO78: Setuju | BP78: Tidak Setuju | BQ78: Setuju | BR78: Tidak Setuju | BS78: Tidak Setuju | BT78: Setuju | BU78: Ungu | BV78: Setuju | BW78: Tidak Setuju | BX78: Cukup Setuju | BY78: Cukup Setuju | BZ78: Cukup Tidak Setuju | CA78: Setuju | CB78: Tidak Setuju | CC78: Tidak Setuju | CD78: Cukup Setuju | CE78: Setuju | CF78: Setuju | CG78: Setuju | CH78: Setuju | CI78: Setuju | CJ78: Setuju | CK78: Netral | CL78: Setuju | CM78: Setuju | CN78: Netral | CO78: Hijau | CP78: Netral | CQ78: Setuju | CR78: Setuju | CS78: Setuju | CT78: Sering | CU78: Selalu | CV78: Kadang-Kadang | CW78: Kadang-Kadang | CX78: Sering | CY78: Kadang-Kadang | CZ78: Sering | DA78: Sering | DB78: Kadang-Kadang | DC78: Kadang-Kadang | DD78: Kadang-Kadang | DE78: Tidak Pernah | DF78: Tidak Pernah | DG78: Kadang-Kadang | DH78: Orange | DI78: Jarang | DJ78: Jarang | DK78: Tidak Pernah | DL78: Tidak Pernah | DM78: Sering | DN78: 082216420002 an Intan Noor (Dana)
A79: 46254.817 | B79: Ya, saya bersedia berpartisipasi. | C79: Ya | D79: S | E79: Perempuan | F79: 20 | G79: SATU UNIVERSITY | H79: Psikologi | I79: 5 | J79: Cekungan Bandung (Kota Bandung, Kab. Bandung, Bandung Barat, Cimahi, Sumedang) | K79: Kota (Urban) | L79: Kos/Kontrakan | M79: Sangat tidak menggambarkan diri saya | N79: Sangat tidak menggambarkan diri saya | O79: Cukup Menggambarkan diri saya | P79: Sangat tidak menggambarkan diri saya | Q79: Menggambarkan diri saya | R79: Menggambarkan diri saya | S79: Menggambarkan diri saya | T79: Menggambarkan diri saya | U79: Sangat tidak menggambarkan diri saya | V79: Sangat tidak menggambarkan diri saya | W79: Biru | X79: Sangat tidak menggambarkan diri saya | Y79: Menggambarkan diri saya | Z79: Sangat tidak menggambarkan diri saya | AA79: Netral | AB79: Cukup Menggambarkan diri saya | AC79: Netral | AD79: Cukup Menggambarkan diri saya | AE79: Menggambarkan diri saya | AF79: Sangat Setuju | AG79: Sangat Setuju | AH79: Sangat Setuju | AI79: Sangat Setuju | AJ79: Sangat Setuju | AK79: Sangat Setuju | AL79: Tidak Setuju | AM79: Sangat Setuju | AN79: Sangat Setuju | AO79: Sangat Setuju | AP79: Tidak Setuju | AQ79: Sangat Setuju | AR79: Sangat Setuju | AS79: Cukup Setuju | AT79: Sangat Setuju | AU79: Sangat Setuju | AV79: Hijau Tua | AW79: Sangat Setuju | AX79: Sangat Setuju | AY79: Sangat Setuju | AZ79: Sangat Setuju | BA79: Tidak Setuju | BB79: Setuju | BC79: Sangat Setuju | BD79: Sangat Setuju | BE79: Sangat Setuju | BF79: Kuning | BG79: Sangat Setuju | BH79: Sangat Setuju | BI79: Sangat Setuju | BJ79: Sangat Setuju | BK79: Sangat Setuju | BL79: Sangat Setuju | BM79: Sangat Setuju | BN79: Sangat Setuju | BO79: Sangat Setuju | BP79: Sangat Setuju | BQ79: Sangat Setuju | BR79: Sangat Setuju | BS79: Sangat Setuju | BT79: Sangat Setuju | BU79: Ungu | BV79: Sangat Setuju | BW79: Sangat Setuju | BX79: Sangat Setuju | BY79: Sangat Setuju | BZ79: Sangat Setuju | CA79: Sangat Setuju | CB79: Sangat Setuju | CC79: Sangat Setuju | CD79: Sangat Setuju | CE79: Sangat Setuju | CF79: Sangat Setuju | CG79: Sangat Setuju | CH79: Sangat Setuju | CI79: Sangat Setuju | CJ79: Sangat Setuju | CK79: Sangat Setuju | CL79: Sangat Setuju | CM79: Sangat Setuju | CN79: Sangat Setuju | CO79: Hijau | CP79: Sangat Setuju | CQ79: Sangat Setuju | CR79: Sangat Setuju | CS79: Sangat Setuju | CT79: Sering | CU79: Sering | CV79: Sering | CW79: Sering | CX79: Sering | CY79: Sering | CZ79: Sering | DA79: Sering | DB79: Sering | DC79: Sering | DD79: Sering | DE79: Sering | DF79: Sering | DG79: Sering | DH79: Orange | DI79: Sering | DJ79: Sering | DK79: Sering | DL79: Sering | DM79: Sering | DN79: 082127286255
